TestID,TestDiscription,Expected Result,CustomerID,AccountNo,JointHolderID,JetRelCode,Estimated_of_Transactions,Column11,Column12,Column13,Column14,Column15,Column16,Column17,Column18,Column19,Column20,Column21,Column22
TC_AC_CUR_01,Input all mandatory fields,Txn Complete,12521341,0113824613,12521353,,50000,,,,,,,,,,,,
TC_AC_CUR_04,Open Account When customer is marked as Deceased Individual,System will give error: Customer ID not Allowed: Deceased Individual,103025,0113191815,,,,,,,,,,,,,,,
TC_AC_CUR_05,Open Current Account when customer is minor and purpose is selected as salary,"Purpose in the purpose field only the choice of ""Saving"" is allowed for customer with 208 Industry Code",3040861,0113191817,,,,,,,,,,,,,,,
TC_AC_CUR_06,Open Current Account when customer is minor and purpose is selected as saving,System will allowed to open account ,3040861,0113191818,,,,,,,,,,,,,,,
TC_AC_CUR_07,Open current when customer is corporate and Account Turn over is not filled,KYC Account Turnover for corporate Customer cannot be blank.,5505844,,,,,,,,,,,,,,,,
TC_AC_CUR_08,Open current account when customer is corporate and account TurnOver(Per Annum) is filled,Customer IdCorporate Customer Not Allowed on this screen,5505844,,,,,,,,,,,,,,,,
TC_AC_CUR_09,Open Current Account when customer is minor and purpose is selected as saving,System will allowed to open account,7461675,,,,,,,,,,,,,,,,
TC_AC_CUR_10,While opening current account if enter CIF whose CNIC is expired no account will be open,Customer ID  103342 has ID-Number Expire.,103342,,,,,,,,,,,,,,,,
TC_AC_CUR_11,Open current account when Customer is operate ,Customer ID Corporate Customer Not Allowed on this screen,5505844,,,,,,,,,,,,,,,,
TC_AC_CUR_02,To create join holder fill all the mandatory fields with all joint holder details ,Txn Complete,103344,,103282,2,,,,,,,,,,,,,
TC_AC_CUR_03,Fill joint holder details and select Operation Instruction:1 as single,Joint Holder Id.1: No Joint Holder allowed when Account is being operated SINGLY,103344,,103282,,,,,,,,,,,,,,
TC_AC_CUR_12,Open current account when joint holder is corporate customer ,,103332,,,,,,,,,,,,,,,,
TC_AC_CUR_13,Open current account when joint holder is deceased customer,,103203,,,,,,,,,,,,,,,,
TC_AC_CUR_14,Open current account when joint holder is blacklisted,Joint holder Id.1 Not Allowed: Black Listed,103203,,102901,sibling,,,,,,,,,,,,,,,,
TC_AC_CUR_15,Open current account when joint holder id number is expired,Joint holder Id.1 Customer 103342 has ID-Number Expire!,103203,,103342,sibling,,,,,,,,
TC_AC_CUR_16,Open current account having multiple joint holder,Txn Complete,103203,,103153,sibling,,,,,,,,,,
TC_AC_CUR_17,Open current account When operation Instruction is selected as any one of us,Txn Complete,103156,,103153,sibling,,,,,,,,
TC_AC_CUR_18,Open current account when operation instruction is selected as Any one of us but no joint holder is added,SECURED..Y.NJoint holder cannot be blank when Account is being operated ANY ONE OF US,103156,,,,,,,
TC_AC_CUR_19,Open current account when primary customer is closed,Customer Id Not Allowed: Closed,103171,,,,,,,,,,,
TC_AC_CUR_20,Open current account when operation instruction is selected as Any two of us but no joint holder is added,SECURED..Y.NJoint holder cannot be blank when Account is being operated ANY ONE OF US,103156,,,,,,,,,,,,
TC_AC_CUR_21,Open current account when operation instruction is selected as Any two of us but only one joint holder is added,Txn Complete,103156,,,,sibling,,,,,,,,,
TC_AC_CUR_22,Open current account when operation instruction is selected as jointly and no joint holders details were added,errorLOCAL.REFJoint holder cannot be blank when Account is being operated JOINTLY,103156,,,,jointly,,,,,,,,
TC_AC_CUR_23,Open current account when operation instruction is selected as jointly and add one joint holders details,Txn Complete,103156,,sibling,,,,,,,,,,,
TC_AC_CUR_24,Open current account when customer is in INAU state,Txn Complete,103058,,,,,,,,,,,,
TC_AC_CUR_25,,,,,,,,,,,,,,,
TC_AC_CUR_26,,,,,,,,,,,,,,,
,,,,,,,,,,,,,,,
,,,,,,,,,,,,,,,