TEST_ID,DESCRIPTION,CUSTOMER_ID,IAR_ID,Advance Against Murabaha,Profit Spread ,Decleration Due Period,Limit ID,LC Number,EXPECTED_RESULT,Column11,Column12,Column13,Column14,Column15
TCS_03,SUCCESSFULLY FILL THE (IS) DISBURSMENT FORM FOR MUSWAMAH,823644,IAR2618000019,"50,000.00",5,1,2336849.0032938.01.823644,TF123457,Txn Complete,,,,,
,,,,,,,,,,,,,,
,,,,,,,,,,,,,,
,,,,,,,,,,,,,,
,,,,,,,,,,,,,,
,,,,,,,,,,,,,,
,,,,,,,,,,,,,,
,,,,,,,,,,,,,,
,,,,,,,,,,,,,,
,,,,,,,,,,,,,,
,,,,,,,,,,,,,,
,,,,,,,,,,,,,,
,,,,,,,,,,,,,,
,,,,,,,,,,,,,,
,,,,,,,,,,,,,,