TEST_ID,DESCRIPTION,CUSTOMER_ID,Declaration Date,Disbursment ID,Declared Amount,Date of Purchase 1,Description of Goods 1,Name of Supplier 1,Total Value of Goods 1,Physical Inspection ,EXPECTED_RESULT,Column13,Column14,Column15
TCS_05,SUCCESSFULLY FILL (INV) DECLERATION FORM OF MUSAWAMAH,823644,29,IS2618000017,"50,000.00",30,Good,Name,"50,000.00",No,Txn Complete,,,
,,,,,,,,,,,,,,
,,,,,,,,,,,,,,
,,,,,,,,,,,,,,
,,,,,,,,,,,,,,
,,,,,,,,,,,,,,
,,,,,,,,,,,,,,
,,,,,,,,,,,,,,
,,,,,,,,,,,,,,
,,,,,,,,,,,,,,
,,,,,,,,,,,,,,
,,,,,,,,,,,,,,
,,,,,,,,,,,,,,
,,,,,,,,,,,,,,
,,,,,,,,,,,,,,