NEW_USER,User Name,Sign On Name,START_DATE_PROFILE,PASSWORD_RESET_USER,User Type,User Reset 1,USER_PASSWORD_1,LOGIN_USER,PASSWORD,Old Password,New Password,Repeat Password
TEST.132,TEST.132,TEST132,30 Jun 2026,TEST.132,Int,TEST.132,MMbl@123456,TEST132,MMbl@123456,MMbl@123456,MMbl@123,MMbl@123
TEST.133,TEST.133,TEST133,30 Jun 2026,TEST.133,Int,TEST.133,MMbl@123456,TEST133,MMbl@123456,MMbl@123456,MMbl@123,MMbl@123
TEST.134,TEST.134,TEST134,30 Jun 2026,TEST.134,Int,TEST.134,MMbl@123456,TEST134,MMbl@123456,MMbl@123456,MMbl@123,MMbl@123
TEST.135,TEST.135,TEST135,30 Jun 2026,TEST.135,Int,TEST.135,MMbl@123456,TEST135,MMbl@123456,MMbl@123456,MMbl@123,MMbl@123
TEST.136,TEST.136,TEST136,30 Jun 2026,TEST.136,Int,TEST.136,MMbl@123456,TEST136,MMbl@123456,MMbl@123456,MMbl@123,MMbl@123
TEST.137,TEST.137,TEST137,30 Jun 2026,TEST.137,Int,TEST.137,MMbl@123456,TEST137,MMbl@123456,MMbl@123456,MMbl@123,MMbl@123
TEST.138,TEST.138,TEST138,30 Jun 2026,TEST.138,Int,TEST.138,MMbl@123456,TEST138,MMbl@123456,MMbl@123456,MMbl@123,MMbl@123
TEST.139,TEST.139,TEST139,30 Jun 2026,TEST.139,Int,TEST.139,MMbl@123456,TEST139,MMbl@123456,MMbl@123456,MMbl@123,MMbl@123
TEST.140,TEST.140,TEST140,30 Jun 2026,TEST.140,Int,TEST.140,MMbl@123456,TEST140,MMbl@123456,MMbl@123456,MMbl@123,MMbl@123
TEST.141,TEST.141,TEST141,30 Jun 2026,TEST.141,Int,TEST.141,MMbl@123456,TEST141,MMbl@123456,MMbl@123456,MMbl@123,MMbl@123
TEST.142,TEST.142,TEST142,30 Jun 2026,TEST.142,Int,TEST.142,MMbl@123456,TEST142,MMbl@123456,MMbl@123456,MMbl@123,MMbl@123
TEST.143,TEST.143,TEST143,30 Jun 2026,TEST.143,Int,TEST.143,MMbl@123456,TEST143,MMbl@123456,MMbl@123456,MMbl@123,MMbl@123
TEST.144,TEST.144,TEST144,30 Jun 2026,TEST.144,Int,TEST.144,MMbl@123456,TEST144,MMbl@123456,MMbl@123456,MMbl@123,MMbl@123
TEST.145,TEST.145,TEST145,30 Jun 2026,TEST.145,Int,TEST.145,MMbl@123456,TEST145,MMbl@123456,MMbl@123456,MMbl@123,MMbl@123
TEST.146,TEST.146,TEST146,30 Jun 2026,TEST.146,Int,TEST.146,MMbl@123456,TEST146,MMbl@123456,MMbl@123456,MMbl@123,MMbl@123
TEST.147,TEST.147,TEST147,30 Jun 2026,TEST.147,Int,TEST.147,MMbl@123456,TEST147,MMbl@123456,MMbl@123456,MMbl@123,MMbl@123
TEST.148,TEST.148,TEST148,30 Jun 2026,TEST.148,Int,TEST.148,MMbl@123456,TEST148,MMbl@123456,MMbl@123456,MMbl@123,MMbl@123
TEST.149,TEST.149,TEST149,30 Jun 2026,TEST.149,Int,TEST.149,MMbl@123456,TEST149,MMbl@123456,MMbl@123456,MMbl@123,MMbl@123
TEST.150,TEST.150,TEST150,30 Jun 2026,TEST.150,Int,TEST.150,MMbl@123456,TEST150,MMbl@123456,MMbl@123456,MMbl@123,MMbl@123
TEST.151,TEST.151,TEST151,30 Jun 2026,TEST.151,Int,TEST.151,MMbl@123456,TEST151,MMbl@123456,MMbl@123456,MMbl@123,MMbl@123
TEST.152,TEST.152,TEST152,30 Jun 2026,TEST.152,Int,TEST.152,MMbl@123456,TEST152,MMbl@123456,MMbl@123456,MMbl@123,MMbl@123
TEST.153,TEST.153,TEST153,30 Jun 2026,TEST.153,Int,TEST.153,MMbl@123456,TEST153,MMbl@123456,MMbl@123456,MMbl@123,MMbl@123
TEST.154,TEST.154,TEST154,30 Jun 2026,TEST.154,Int,TEST.154,MMbl@123456,TEST154,MMbl@123456,MMbl@123456,MMbl@123,MMbl@123
TEST.155,TEST.155,TEST155,30 Jun 2026,TEST.155,Int,TEST.155,MMbl@123456,TEST155,MMbl@123456,MMbl@123456,MMbl@123,MMbl@123
TEST.156,TEST.156,TEST156,30 Jun 2026,TEST.156,Int,TEST.156,MMbl@123456,TEST156,MMbl@123456,MMbl@123456,MMbl@123,MMbl@123
TEST.157,TEST.157,TEST157,30 Jun 2026,TEST.157,Int,TEST.157,MMbl@123456,TEST157,MMbl@123456,MMbl@123456,MMbl@123,MMbl@123
TEST.158,TEST.158,TEST158,30 Jun 2026,TEST.158,Int,TEST.158,MMbl@123456,TEST158,MMbl@123456,MMbl@123456,MMbl@123,MMbl@123
TEST.159,TEST.159,TEST159,30 Jun 2026,TEST.159,Int,TEST.159,MMbl@123456,TEST159,MMbl@123456,MMbl@123456,MMbl@123,MMbl@123
TEST.160,TEST.160,TEST160,30 Jun 2026,TEST.160,Int,TEST.160,MMbl@123456,TEST160,MMbl@123456,MMbl@123456,MMbl@123,MMbl@123
TEST.161,TEST.161,TEST161,30 Jun 2026,TEST.161,Int,TEST.161,MMbl@123456,TEST161,MMbl@123456,MMbl@123456,MMbl@123,MMbl@123
TEST.162,TEST.162,TEST162,30 Jun 2026,TEST.162,Int,TEST.162,MMbl@123456,TEST162,MMbl@123456,MMbl@123456,MMbl@123,MMbl@123
TEST.163,TEST.163,TEST163,30 Jun 2026,TEST.163,Int,TEST.163,MMbl@123456,TEST163,MMbl@123456,MMbl@123456,MMbl@123,MMbl@123
TEST.164,TEST.164,TEST164,30 Jun 2026,TEST.164,Int,TEST.164,MMbl@123456,TEST164,MMbl@123456,MMbl@123456,MMbl@123,MMbl@123
TEST.165,TEST.165,TEST165,30 Jun 2026,TEST.165,Int,TEST.165,MMbl@123456,TEST165,MMbl@123456,MMbl@123456,MMbl@123,MMbl@123
TEST.166,TEST.166,TEST166,30 Jun 2026,TEST.166,Int,TEST.166,MMbl@123456,TEST166,MMbl@123456,MMbl@123456,MMbl@123,MMbl@123
TEST.167,TEST.167,TEST167,30 Jun 2026,TEST.167,Int,TEST.167,MMbl@123456,TEST167,MMbl@123456,MMbl@123456,MMbl@123,MMbl@123
TEST.168,TEST.168,TEST168,30 Jun 2026,TEST.168,Int,TEST.168,MMbl@123456,TEST168,MMbl@123456,MMbl@123456,MMbl@123,MMbl@123
TEST.169,TEST.169,TEST169,30 Jun 2026,TEST.169,Int,TEST.169,MMbl@123456,TEST169,MMbl@123456,MMbl@123456,MMbl@123,MMbl@123
TEST.170,TEST.170,TEST170,30 Jun 2026,TEST.170,Int,TEST.170,MMbl@123456,TEST170,MMbl@123456,MMbl@123456,MMbl@123,MMbl@123
TEST.171,TEST.171,TEST171,30 Jun 2026,TEST.171,Int,TEST.171,MMbl@123456,TEST171,MMbl@123456,MMbl@123456,MMbl@123,MMbl@123
TEST.172,TEST.172,TEST172,30 Jun 2026,TEST.172,Int,TEST.172,MMbl@123456,TEST172,MMbl@123456,MMbl@123456,MMbl@123,MMbl@123
TEST.173,TEST.173,TEST173,30 Jun 2026,TEST.173,Int,TEST.173,MMbl@123456,TEST173,MMbl@123456,MMbl@123456,MMbl@123,MMbl@123
TEST.174,TEST.174,TEST174,30 Jun 2026,TEST.174,Int,TEST.174,MMbl@123456,TEST174,MMbl@123456,MMbl@123456,MMbl@123,MMbl@123
TEST.175,TEST.175,TEST175,30 Jun 2026,TEST.175,Int,TEST.175,MMbl@123456,TEST175,MMbl@123456,MMbl@123456,MMbl@123,MMbl@123
TEST.176,TEST.176,TEST176,30 Jun 2026,TEST.176,Int,TEST.176,MMbl@123456,TEST176,MMbl@123456,MMbl@123456,MMbl@123,MMbl@123
TEST.177,TEST.177,TEST177,30 Jun 2026,TEST.177,Int,TEST.177,MMbl@123456,TEST177,MMbl@123456,MMbl@123456,MMbl@123,MMbl@123
TEST.178,TEST.178,TEST178,30 Jun 2026,TEST.178,Int,TEST.178,MMbl@123456,TEST178,MMbl@123456,MMbl@123456,MMbl@123,MMbl@123
TEST.179,TEST.179,TEST179,30 Jun 2026,TEST.179,Int,TEST.179,MMbl@123456,TEST179,MMbl@123456,MMbl@123456,MMbl@123,MMbl@123
TEST.180,TEST.180,TEST180,30 Jun 2026,TEST.180,Int,TEST.180,MMbl@123456,TEST180,MMbl@123456,MMbl@123456,MMbl@123,MMbl@123
TEST.181,TEST.181,TEST181,30 Jun 2026,TEST.181,Int,TEST.181,MMbl@123456,TEST181,MMbl@123456,MMbl@123456,MMbl@123,MMbl@123
TEST.182,TEST.182,TEST182,30 Jun 2026,TEST.182,Int,TEST.182,MMbl@123456,TEST182,MMbl@123456,MMbl@123456,MMbl@123,MMbl@123
TEST.183,TEST.183,TEST183,30 Jun 2026,TEST.183,Int,TEST.183,MMbl@123456,TEST183,MMbl@123456,MMbl@123456,MMbl@123,MMbl@123
TEST.184,TEST.184,TEST184,30 Jun 2026,TEST.184,Int,TEST.184,MMbl@123456,TEST184,MMbl@123456,MMbl@123456,MMbl@123,MMbl@123
TEST.185,TEST.185,TEST185,30 Jun 2026,TEST.185,Int,TEST.185,MMbl@123456,TEST185,MMbl@123456,MMbl@123456,MMbl@123,MMbl@123
TEST.186,TEST.186,TEST186,30 Jun 2026,TEST.186,Int,TEST.186,MMbl@123456,TEST186,MMbl@123456,MMbl@123456,MMbl@123,MMbl@123
TEST.187,TEST.187,TEST187,30 Jun 2026,TEST.187,Int,TEST.187,MMbl@123456,TEST187,MMbl@123456,MMbl@123456,MMbl@123,MMbl@123
TEST.188,TEST.188,TEST188,30 Jun 2026,TEST.188,Int,TEST.188,MMbl@123456,TEST188,MMbl@123456,MMbl@123456,MMbl@123,MMbl@123
TEST.189,TEST.189,TEST189,30 Jun 2026,TEST.189,Int,TEST.189,MMbl@123456,TEST189,MMbl@123456,MMbl@123456,MMbl@123,MMbl@123
TEST.190,TEST.190,TEST190,30 Jun 2026,TEST.190,Int,TEST.190,MMbl@123456,TEST190,MMbl@123456,MMbl@123456,MMbl@123,MMbl@123
TEST.191,TEST.191,TEST191,30 Jun 2026,TEST.191,Int,TEST.191,MMbl@123456,TEST191,MMbl@123456,MMbl@123456,MMbl@123,MMbl@123
TEST.192,TEST.192,TEST192,30 Jun 2026,TEST.192,Int,TEST.192,MMbl@123456,TEST192,MMbl@123456,MMbl@123456,MMbl@123,MMbl@123
TEST.193,TEST.193,TEST193,30 Jun 2026,TEST.193,Int,TEST.193,MMbl@123456,TEST193,MMbl@123456,MMbl@123456,MMbl@123,MMbl@123
TEST.194,TEST.194,TEST194,30 Jun 2026,TEST.194,Int,TEST.194,MMbl@123456,TEST194,MMbl@123456,MMbl@123456,MMbl@123,MMbl@123
TEST.195,TEST.195,TEST195,30 Jun 2026,TEST.195,Int,TEST.195,MMbl@123456,TEST195,MMbl@123456,MMbl@123456,MMbl@123,MMbl@123
TEST.196,TEST.196,TEST196,30 Jun 2026,TEST.196,Int,TEST.196,MMbl@123456,TEST196,MMbl@123456,MMbl@123456,MMbl@123,MMbl@123
TEST.197,TEST.197,TEST197,30 Jun 2026,TEST.197,Int,TEST.197,MMbl@123456,TEST197,MMbl@123456,MMbl@123456,MMbl@123,MMbl@123
TEST.198,TEST.198,TEST198,30 Jun 2026,TEST.198,Int,TEST.198,MMbl@123456,TEST198,MMbl@123456,MMbl@123456,MMbl@123,MMbl@123
TEST.199,TEST.199,TEST199,30 Jun 2026,TEST.199,Int,TEST.199,MMbl@123456,TEST199,MMbl@123456,MMbl@123456,MMbl@123,MMbl@123
TEST.200,TEST.200,TEST200,30 Jun 2026,TEST.200,Int,TEST.200,MMbl@123456,TEST200,MMbl@123456,MMbl@123456,MMbl@123,MMbl@123
TEST.201,TEST.201,TEST201,30 Jun 2026,TEST.201,Int,TEST.201,MMbl@123456,TEST201,MMbl@123456,MMbl@123456,MMbl@123,MMbl@123
TEST.202,TEST.202,TEST202,30 Jun 2026,TEST.202,Int,TEST.202,MMbl@123456,TEST202,MMbl@123456,MMbl@123456,MMbl@123,MMbl@123
TEST.203,TEST.203,TEST203,30 Jun 2026,TEST.203,Int,TEST.203,MMbl@123456,TEST203,MMbl@123456,MMbl@123456,MMbl@123,MMbl@123
TEST.204,TEST.204,TEST204,30 Jun 2026,TEST.204,Int,TEST.204,MMbl@123456,TEST204,MMbl@123456,MMbl@123456,MMbl@123,MMbl@123
TEST.205,TEST.205,TEST205,30 Jun 2026,TEST.205,Int,TEST.205,MMbl@123456,TEST205,MMbl@123456,MMbl@123456,MMbl@123,MMbl@123
TEST.206,TEST.206,TEST206,30 Jun 2026,TEST.206,Int,TEST.206,MMbl@123456,TEST206,MMbl@123456,MMbl@123456,MMbl@123,MMbl@123
TEST.207,TEST.207,TEST207,30 Jun 2026,TEST.207,Int,TEST.207,MMbl@123456,TEST207,MMbl@123456,MMbl@123456,MMbl@123,MMbl@123
TEST.208,TEST.208,TEST208,30 Jun 2026,TEST.208,Int,TEST.208,MMbl@123456,TEST208,MMbl@123456,MMbl@123456,MMbl@123,MMbl@123
TEST.209,TEST.209,TEST209,30 Jun 2026,TEST.209,Int,TEST.209,MMbl@123456,TEST209,MMbl@123456,MMbl@123456,MMbl@123,MMbl@123
TEST.210,TEST.209,TEST209,30 Jun 2026,TEST.210,Int,TEST.210,MMbl@123456,TEST210,MMbl@123456,MMbl@123456,MMbl@123,MMbl@123
TEST.211,TEST.211,TEST211,30 Jun 2026,TEST.211,Int,TEST.211,MMbl@123456,TEST211,MMbl@123456,MMbl@123456,MMbl@123,MMbl@123
TEST.212,TEST.212,TEST212,30 Jun 2026,TEST.212,Int,TEST.212,MMbl@123456,TEST212,MMbl@123456,MMbl@123456,MMbl@123,MMbl@123
TEST.213,TEST.213,TEST213,30 Jun 2026,TEST.213,Int,TEST.213,MMbl@123456,TEST213,MMbl@123456,MMbl@123456,MMbl@123,MMbl@123
TEST.214,TEST.214,TEST214,30 Jun 2026,TEST.214,Int,TEST.214,MMbl@123456,TEST214,MMbl@123456,MMbl@123456,MMbl@123,MMbl@123
TEST.215,TEST.215,TEST215,30 Jun 2026,TEST.215,Int,TEST.215,MMbl@123456,TEST215,MMbl@123456,MMbl@123456,MMbl@123,MMbl@123
TEST.216,TEST.216,TEST216,30 Jun 2026,TEST.216,Int,TEST.216,MMbl@123456,TEST216,MMbl@123456,MMbl@123456,MMbl@123,MMbl@123
TEST.217,TEST.217,TEST217,30 Jun 2026,TEST.217,Int,TEST.217,MMbl@123456,TEST217,MMbl@123456,MMbl@123456,MMbl@123,MMbl@123
TEST.218,TEST.218,TEST218,30 Jun 2026,TEST.218,Int,TEST.218,MMbl@123456,TEST218,MMbl@123456,MMbl@123456,MMbl@123,MMbl@123
TEST.219,TEST.219,TEST219,30 Jun 2026,TEST.219,Int,TEST.219,MMbl@123456,TEST219,MMbl@123456,MMbl@123456,MMbl@123,MMbl@123
TEST.220,TEST.220,TEST220,30 Jun 2026,TEST.220,Int,TEST.220,MMbl@123456,TEST220,MMbl@123456,MMbl@123456,MMbl@123,MMbl@123
TEST.221,TEST.221,TEST221,30 Jun 2026,TEST.221,Int,TEST.221,MMbl@123456,TEST221,MMbl@123456,MMbl@123456,MMbl@123,MMbl@123
TEST.222,TEST.222,TEST222,30 Jun 2026,TEST.222,Int,TEST.222,MMbl@123456,TEST222,MMbl@123456,MMbl@123456,MMbl@123,MMbl@123
TEST.223,TEST.223,TEST223,30 Jun 2026,TEST.223,Int,TEST.223,MMbl@123456,TEST223,MMbl@123456,MMbl@123456,MMbl@123,MMbl@123
TEST.224,TEST.224,TEST224,30 Jun 2026,TEST.224,Int,TEST.224,MMbl@123456,TEST224,MMbl@123456,MMbl@123456,MMbl@123,MMbl@123
TEST.225,TEST.225,TEST225,30 Jun 2026,TEST.225,Int,TEST.225,MMbl@123456,TEST225,MMbl@123456,MMbl@123456,MMbl@123,MMbl@123
TEST.226,TEST.226,TEST226,30 Jun 2026,TEST.226,Int,TEST.226,MMbl@123456,TEST226,MMbl@123456,MMbl@123456,MMbl@123,MMbl@123
TEST.227,TEST.227,TEST227,30 Jun 2026,TEST.227,Int,TEST.227,MMbl@123456,TEST227,MMbl@123456,MMbl@123456,MMbl@123,MMbl@123
TEST.228,TEST.228,TEST228,30 Jun 2026,TEST.228,Int,TEST.228,MMbl@123456,TEST228,MMbl@123456,MMbl@123456,MMbl@123,MMbl@123
TEST.229,TEST.229,TEST229,30 Jun 2026,TEST.229,Int,TEST.229,MMbl@123456,TEST229,MMbl@123456,MMbl@123456,MMbl@123,MMbl@123
TEST.230,TEST.230,TEST230,30 Jun 2026,TEST.230,Int,TEST.230,MMbl@123456,TEST230,MMbl@123456,MMbl@123456,MMbl@123,MMbl@123
TEST.231,TEST.231,TEST231,30 Jun 2026,TEST.231,Int,TEST.231,MMbl@123456,TEST231,MMbl@123456,MMbl@123456,MMbl@123,MMbl@123
TEST.232,TEST.232,TEST232,30 Jun 2026,TEST.232,Int,TEST.232,MMbl@123456,TEST232,MMbl@123456,MMbl@123456,MMbl@123,MMbl@123
TEST.233,TEST.233,TEST233,30 Jun 2026,TEST.233,Int,TEST.233,MMbl@123456,TEST233,MMbl@123456,MMbl@123456,MMbl@123,MMbl@123
TEST.234,TEST.234,TEST234,30 Jun 2026,TEST.234,Int,TEST.234,MMbl@123456,TEST234,MMbl@123456,MMbl@123456,MMbl@123,MMbl@123
TEST.235,TEST.235,TEST235,30 Jun 2026,TEST.235,Int,TEST.235,MMbl@123456,TEST235,MMbl@123456,MMbl@123456,MMbl@123,MMbl@123
TEST.236,TEST.236,TEST236,30 Jun 2026,TEST.236,Int,TEST.236,MMbl@123456,TEST236,MMbl@123456,MMbl@123456,MMbl@123,MMbl@123
TEST.237,TEST.237,TEST237,30 Jun 2026,TEST.237,Int,TEST.237,MMbl@123456,TEST237,MMbl@123456,MMbl@123456,MMbl@123,MMbl@123
TEST.238,TEST.238,TEST238,30 Jun 2026,TEST.238,Int,TEST.238,MMbl@123456,TEST238,MMbl@123456,MMbl@123456,MMbl@123,MMbl@123
TEST.239,TEST.239,TEST239,30 Jun 2026,TEST.239,Int,TEST.239,MMbl@123456,TEST239,MMbl@123456,MMbl@123456,MMbl@123,MMbl@123
TEST.240,TEST.240,TEST240,30 Jun 2026,TEST.240,Int,TEST.240,MMbl@123456,TEST240,MMbl@123456,MMbl@123456,MMbl@123,MMbl@123
TEST.241,TEST.241,TEST241,30 Jun 2026,TEST.241,Int,TEST.241,MMbl@123456,TEST241,MMbl@123456,MMbl@123456,MMbl@123,MMbl@123
TEST.242,TEST.242,TEST242,30 Jun 2026,TEST.242,Int,TEST.242,MMbl@123456,TEST242,MMbl@123456,MMbl@123456,MMbl@123,MMbl@123
TEST.243,TEST.243,TEST243,30 Jun 2026,TEST.243,Int,TEST.243,MMbl@123456,TEST243,MMbl@123456,MMbl@123456,MMbl@123,MMbl@123
TEST.244,TEST.244,TEST244,30 Jun 2026,TEST.244,Int,TEST.244,MMbl@123456,TEST244,MMbl@123456,MMbl@123456,MMbl@123,MMbl@123
TEST.245,TEST.245,TEST245,30 Jun 2026,TEST.245,Int,TEST.245,MMbl@123456,TEST245,MMbl@123456,MMbl@123456,MMbl@123,MMbl@123
TEST.246,TEST.246,TEST246,30 Jun 2026,TEST.246,Int,TEST.246,MMbl@123456,TEST246,MMbl@123456,MMbl@123456,MMbl@123,MMbl@123
TEST.247,TEST.247,TEST247,30 Jun 2026,TEST.247,Int,TEST.247,MMbl@123456,TEST247,MMbl@123456,MMbl@123456,MMbl@123,MMbl@123
TEST.248,TEST.248,TEST248,30 Jun 2026,TEST.248,Int,TEST.248,MMbl@123456,TEST248,MMbl@123456,MMbl@123456,MMbl@123,MMbl@123
TEST.249,TEST.249,TEST249,30 Jun 2026,TEST.249,Int,TEST.249,MMbl@123456,TEST249,MMbl@123456,MMbl@123456,MMbl@123,MMbl@123
TEST.250,TEST.250,TEST250,30 Jun 2026,TEST.250,Int,TEST.250,MMbl@123456,TEST250,MMbl@123456,MMbl@123456,MMbl@123,MMbl@123
TEST.251,TEST.251,TEST251,30 Jun 2026,TEST.251,Int,TEST.251,MMbl@123456,TEST251,MMbl@123456,MMbl@123456,MMbl@123,MMbl@123
TEST.252,TEST.252,TEST252,30 Jun 2026,TEST.252,Int,TEST.252,MMbl@123456,TEST252,MMbl@123456,MMbl@123456,MMbl@123,MMbl@123
TEST.253,TEST.253,TEST253,30 Jun 2026,TEST.253,Int,TEST.253,MMbl@123456,TEST253,MMbl@123456,MMbl@123456,MMbl@123,MMbl@123
TEST.254,TEST.254,TEST254,30 Jun 2026,TEST.254,Int,TEST.254,MMbl@123456,TEST254,MMbl@123456,MMbl@123456,MMbl@123,MMbl@123
TEST.255,TEST.255,TEST255,30 Jun 2026,TEST.255,Int,TEST.255,MMbl@123456,TEST255,MMbl@123456,MMbl@123456,MMbl@123,MMbl@123
TEST.256,TEST.256,TEST256,30 Jun 2026,TEST.256,Int,TEST.256,MMbl@123456,TEST256,MMbl@123456,MMbl@123456,MMbl@123,MMbl@123
TEST.257,TEST.257,TEST257,30 Jun 2026,TEST.257,Int,TEST.257,MMbl@123456,TEST257,MMbl@123456,MMbl@123456,MMbl@123,MMbl@123
TEST.258,TEST.258,TEST258,30 Jun 2026,TEST.258,Int,TEST.258,MMbl@123456,TEST258,MMbl@123456,MMbl@123456,MMbl@123,MMbl@123
TEST.259,TEST.259,TEST259,30 Jun 2026,TEST.259,Int,TEST.259,MMbl@123456,TEST259,MMbl@123456,MMbl@123456,MMbl@123,MMbl@123
TEST.260,TEST.260,TEST260,30 Jun 2026,TEST.260,Int,TEST.260,MMbl@123456,TEST260,MMbl@123456,MMbl@123456,MMbl@123,MMbl@123
TEST.261,TEST.261,TEST261,30 Jun 2026,TEST.261,Int,TEST.261,MMbl@123456,TEST261,MMbl@123456,MMbl@123456,MMbl@123,MMbl@123
TEST.262,TEST.262,TEST262,30 Jun 2026,TEST.262,Int,TEST.262,MMbl@123456,TEST262,MMbl@123456,MMbl@123456,MMbl@123,MMbl@123
TEST.263,TEST.263,TEST263,30 Jun 2026,TEST.263,Int,TEST.263,MMbl@123456,TEST263,MMbl@123456,MMbl@123456,MMbl@123,MMbl@123
TEST.264,TEST.264,TEST264,30 Jun 2026,TEST.264,Int,TEST.264,MMbl@123456,TEST264,MMbl@123456,MMbl@123456,MMbl@123,MMbl@123
TEST.265,TEST.265,TEST265,30 Jun 2026,TEST.265,Int,TEST.265,MMbl@123456,TEST265,MMbl@123456,MMbl@123456,MMbl@123,MMbl@123
TEST.266,TEST.266,TEST266,30 Jun 2026,TEST.266,Int,TEST.266,MMbl@123456,TEST266,MMbl@123456,MMbl@123456,MMbl@123,MMbl@123
TEST.267,TEST.267,TEST267,30 Jun 2026,TEST.267,Int,TEST.267,MMbl@123456,TEST267,MMbl@123456,MMbl@123456,MMbl@123,MMbl@123
TEST.268,TEST.268,TEST268,30 Jun 2026,TEST.268,Int,TEST.268,MMbl@123456,TEST268,MMbl@123456,MMbl@123456,MMbl@123,MMbl@123
TEST.269,TEST.269,TEST269,30 Jun 2026,TEST.269,Int,TEST.269,MMbl@123456,TEST269,MMbl@123456,MMbl@123456,MMbl@123,MMbl@123
TEST.270,TEST.270,TEST270,30 Jun 2026,TEST.270,Int,TEST.270,MMbl@123456,TEST270,MMbl@123456,MMbl@123456,MMbl@123,MMbl@123
TEST.271,TEST.271,TEST271,30 Jun 2026,TEST.271,Int,TEST.271,MMbl@123456,TEST271,MMbl@123456,MMbl@123456,MMbl@123,MMbl@123
TEST.272,TEST.272,TEST272,30 Jun 2026,TEST.272,Int,TEST.272,MMbl@123456,TEST272,MMbl@123456,MMbl@123456,MMbl@123,MMbl@123
TEST.273,TEST.273,TEST273,30 Jun 2026,TEST.273,Int,TEST.273,MMbl@123456,TEST273,MMbl@123456,MMbl@123456,MMbl@123,MMbl@123
TEST.274,TEST.274,TEST274,30 Jun 2026,TEST.274,Int,TEST.274,MMbl@123456,TEST274,MMbl@123456,MMbl@123456,MMbl@123,MMbl@123
TEST.275,TEST.275,TEST275,30 Jun 2026,TEST.275,Int,TEST.275,MMbl@123456,TEST275,MMbl@123456,MMbl@123456,MMbl@123,MMbl@123
TEST.276,TEST.276,TEST276,30 Jun 2026,TEST.276,Int,TEST.276,MMbl@123456,TEST276,MMbl@123456,MMbl@123456,MMbl@123,MMbl@123
TEST.277,TEST.277,TEST277,30 Jun 2026,TEST.277,Int,TEST.277,MMbl@123456,TEST277,MMbl@123456,MMbl@123456,MMbl@123,MMbl@123
TEST.278,TEST.278,TEST278,30 Jun 2026,TEST.278,Int,TEST.278,MMbl@123456,TEST278,MMbl@123456,MMbl@123456,MMbl@123,MMbl@123
TEST.279,TEST.279,TEST279,30 Jun 2026,TEST.279,Int,TEST.279,MMbl@123456,TEST279,MMbl@123456,MMbl@123456,MMbl@123,MMbl@123
TEST.280,TEST.280,TEST280,30 Jun 2026,TEST.280,Int,TEST.280,MMbl@123456,TEST280,MMbl@123456,MMbl@123456,MMbl@123,MMbl@123
TEST.281,TEST.281,TEST281,30 Jun 2026,TEST.281,Int,TEST.281,MMbl@123456,TEST281,MMbl@123456,MMbl@123456,MMbl@123,MMbl@123
TEST.282,TEST.282,TEST282,30 Jun 2026,TEST.282,Int,TEST.282,MMbl@123456,TEST282,MMbl@123456,MMbl@123456,MMbl@123,MMbl@123
TEST.283,TEST.283,TEST283,30 Jun 2026,TEST.283,Int,TEST.283,MMbl@123456,TEST283,MMbl@123456,MMbl@123456,MMbl@123,MMbl@123
TEST.284,TEST.284,TEST284,30 Jun 2026,TEST.284,Int,TEST.284,MMbl@123456,TEST284,MMbl@123456,MMbl@123456,MMbl@123,MMbl@123
TEST.285,TEST.285,TEST285,30 Jun 2026,TEST.285,Int,TEST.285,MMbl@123456,TEST285,MMbl@123456,MMbl@123456,MMbl@123,MMbl@123
TEST.286,TEST.286,TEST286,30 Jun 2026,TEST.286,Int,TEST.286,MMbl@123456,TEST286,MMbl@123456,MMbl@123456,MMbl@123,MMbl@123
TEST.287,TEST.287,TEST287,30 Jun 2026,TEST.287,Int,TEST.287,MMbl@123456,TEST287,MMbl@123456,MMbl@123456,MMbl@123,MMbl@123
TEST.288,TEST.288,TEST288,30 Jun 2026,TEST.288,Int,TEST.288,MMbl@123456,TEST288,MMbl@123456,MMbl@123456,MMbl@123,MMbl@123
TEST.289,TEST.289,TEST289,30 Jun 2026,TEST.289,Int,TEST.289,MMbl@123456,TEST289,MMbl@123456,MMbl@123456,MMbl@123,MMbl@123
TEST.290,TEST.290,TEST290,30 Jun 2026,TEST.290,Int,TEST.290,MMbl@123456,TEST290,MMbl@123456,MMbl@123456,MMbl@123,MMbl@123
TEST.291,TEST.291,TEST291,30 Jun 2026,TEST.291,Int,TEST.291,MMbl@123456,TEST291,MMbl@123456,MMbl@123456,MMbl@123,MMbl@123
TEST.292,TEST.292,TEST292,30 Jun 2026,TEST.292,Int,TEST.292,MMbl@123456,TEST292,MMbl@123456,MMbl@123456,MMbl@123,MMbl@123
TEST.293,TEST.293,TEST293,30 Jun 2026,TEST.293,Int,TEST.293,MMbl@123456,TEST293,MMbl@123456,MMbl@123456,MMbl@123,MMbl@123
TEST.294,TEST.294,TEST294,30 Jun 2026,TEST.294,Int,TEST.294,MMbl@123456,TEST294,MMbl@123456,MMbl@123456,MMbl@123,MMbl@123
TEST.295,TEST.295,TEST295,30 Jun 2026,TEST.295,Int,TEST.295,MMbl@123456,TEST295,MMbl@123456,MMbl@123456,MMbl@123,MMbl@123
TEST.296,TEST.296,TEST296,30 Jun 2026,TEST.296,Int,TEST.296,MMbl@123456,TEST296,MMbl@123456,MMbl@123456,MMbl@123,MMbl@123
TEST.297,TEST.297,TEST297,30 Jun 2026,TEST.297,Int,TEST.297,MMbl@123456,TEST297,MMbl@123456,MMbl@123456,MMbl@123,MMbl@123
TEST.298,TEST.298,TEST298,30 Jun 2026,TEST.298,Int,TEST.298,MMbl@123456,TEST298,MMbl@123456,MMbl@123456,MMbl@123,MMbl@123
TEST.299,TEST.299,TEST299,30 Jun 2026,TEST.299,Int,TEST.299,MMbl@123456,TEST299,MMbl@123456,MMbl@123456,MMbl@123,MMbl@123
TEST.300,TEST.300,TEST300,30 Jun 2026,TEST.300,Int,TEST.300,MMbl@123456,TEST300,MMbl@123456,MMbl@123456,MMbl@123,MMbl@123
TEST.301,TEST.301,TEST301,30 Jun 2026,TEST.301,Int,TEST.301,MMbl@123456,TEST301,MMbl@123456,MMbl@123456,MMbl@123,MMbl@123
TEST.302,TEST.302,TEST302,30 Jun 2026,TEST.302,Int,TEST.302,MMbl@123456,TEST302,MMbl@123456,MMbl@123456,MMbl@123,MMbl@123
TEST.303,TEST.303,TEST303,30 Jun 2026,TEST.303,Int,TEST.303,MMbl@123456,TEST303,MMbl@123456,MMbl@123456,MMbl@123,MMbl@123
TEST.304,TEST.304,TEST304,30 Jun 2026,TEST.304,Int,TEST.304,MMbl@123456,TEST304,MMbl@123456,MMbl@123456,MMbl@123,MMbl@123
TEST.305,TEST.305,TEST305,30 Jun 2026,TEST.305,Int,TEST.305,MMbl@123456,TEST305,MMbl@123456,MMbl@123456,MMbl@123,MMbl@123
TEST.306,TEST.306,TEST306,30 Jun 2026,TEST.306,Int,TEST.306,MMbl@123456,TEST306,MMbl@123456,MMbl@123456,MMbl@123,MMbl@123
TEST.307,TEST.307,TEST307,30 Jun 2026,TEST.307,Int,TEST.307,MMbl@123456,TEST307,MMbl@123456,MMbl@123456,MMbl@123,MMbl@123
TEST.308,TEST.308,TEST308,30 Jun 2026,TEST.308,Int,TEST.308,MMbl@123456,TEST308,MMbl@123456,MMbl@123456,MMbl@123,MMbl@123
TEST.309,TEST.309,TEST309,30 Jun 2026,TEST.309,Int,TEST.309,MMbl@123456,TEST309,MMbl@123456,MMbl@123456,MMbl@123,MMbl@123
TEST.310,TEST.310,TEST310,30 Jun 2026,TEST.310,Int,TEST.310,MMbl@123456,TEST310,MMbl@123456,MMbl@123456,MMbl@123,MMbl@123
TEST.311,TEST.311,TEST311,30 Jun 2026,TEST.311,Int,TEST.311,MMbl@123456,TEST311,MMbl@123456,MMbl@123456,MMbl@123,MMbl@123
TEST.312,TEST.312,TEST312,30 Jun 2026,TEST.312,Int,TEST.312,MMbl@123456,TEST312,MMbl@123456,MMbl@123456,MMbl@123,MMbl@123
TEST.313,TEST.313,TEST313,30 Jun 2026,TEST.313,Int,TEST.313,MMbl@123456,TEST313,MMbl@123456,MMbl@123456,MMbl@123,MMbl@123
TEST.314,TEST.314,TEST314,30 Jun 2026,TEST.314,Int,TEST.314,MMbl@123456,TEST314,MMbl@123456,MMbl@123456,MMbl@123,MMbl@123
TEST.315,TEST.315,TEST315,30 Jun 2026,TEST.315,Int,TEST.315,MMbl@123456,TEST315,MMbl@123456,MMbl@123456,MMbl@123,MMbl@123
TEST.316,TEST.316,TEST316,30 Jun 2026,TEST.316,Int,TEST.316,MMbl@123456,TEST316,MMbl@123456,MMbl@123456,MMbl@123,MMbl@123
TEST.317,TEST.317,TEST317,30 Jun 2026,TEST.317,Int,TEST.317,MMbl@123456,TEST317,MMbl@123456,MMbl@123456,MMbl@123,MMbl@123
TEST.318,TEST.318,TEST318,30 Jun 2026,TEST.318,Int,TEST.318,MMbl@123456,TEST318,MMbl@123456,MMbl@123456,MMbl@123,MMbl@123
TEST.319,TEST.319,TEST319,30 Jun 2026,TEST.319,Int,TEST.319,MMbl@123456,TEST319,MMbl@123456,MMbl@123456,MMbl@123,MMbl@123
TEST.320,TEST.320,TEST320,30 Jun 2026,TEST.320,Int,TEST.320,MMbl@123456,TEST320,MMbl@123456,MMbl@123456,MMbl@123,MMbl@123
TEST.321,TEST.321,TEST321,30 Jun 2026,TEST.321,Int,TEST.321,MMbl@123456,TEST321,MMbl@123456,MMbl@123456,MMbl@123,MMbl@123
TEST.322,TEST.322,TEST322,30 Jun 2026,TEST.322,Int,TEST.322,MMbl@123456,TEST322,MMbl@123456,MMbl@123456,MMbl@123,MMbl@123
TEST.323,TEST.323,TEST323,30 Jun 2026,TEST.323,Int,TEST.323,MMbl@123456,TEST323,MMbl@123456,MMbl@123456,MMbl@123,MMbl@123
TEST.324,TEST.324,TEST324,30 Jun 2026,TEST.324,Int,TEST.324,MMbl@123456,TEST324,MMbl@123456,MMbl@123456,MMbl@123,MMbl@123
TEST.325,TEST.325,TEST325,30 Jun 2026,TEST.325,Int,TEST.325,MMbl@123456,TEST325,MMbl@123456,MMbl@123456,MMbl@123,MMbl@123
TEST.326,TEST.326,TEST326,30 Jun 2026,TEST.326,Int,TEST.326,MMbl@123456,TEST326,MMbl@123456,MMbl@123456,MMbl@123,MMbl@123
TEST.327,TEST.327,TEST327,30 Jun 2026,TEST.327,Int,TEST.327,MMbl@123456,TEST327,MMbl@123456,MMbl@123456,MMbl@123,MMbl@123
TEST.328,TEST.328,TEST328,30 Jun 2026,TEST.328,Int,TEST.328,MMbl@123456,TEST328,MMbl@123456,MMbl@123456,MMbl@123,MMbl@123
TEST.329,TEST.329,TEST329,30 Jun 2026,TEST.329,Int,TEST.329,MMbl@123456,TEST329,MMbl@123456,MMbl@123456,MMbl@123,MMbl@123
TEST.330,TEST.330,TEST330,30 Jun 2026,TEST.330,Int,TEST.330,MMbl@123456,TEST330,MMbl@123456,MMbl@123456,MMbl@123,MMbl@123
TEST.331,TEST.331,TEST331,30 Jun 2026,TEST.331,Int,TEST.331,MMbl@123456,TEST331,MMbl@123456,MMbl@123456,MMbl@123,MMbl@123
TEST.332,TEST.332,TEST332,30 Jun 2026,TEST.332,Int,TEST.332,MMbl@123456,TEST332,MMbl@123456,MMbl@123456,MMbl@123,MMbl@123
TEST.333,TEST.333,TEST333,30 Jun 2026,TEST.333,Int,TEST.333,MMbl@123456,TEST333,MMbl@123456,MMbl@123456,MMbl@123,MMbl@123
TEST.334,TEST.334,TEST334,30 Jun 2026,TEST.334,Int,TEST.334,MMbl@123456,TEST334,MMbl@123456,MMbl@123456,MMbl@123,MMbl@123
TEST.335,TEST.335,TEST335,30 Jun 2026,TEST.335,Int,TEST.335,MMbl@123456,TEST335,MMbl@123456,MMbl@123456,MMbl@123,MMbl@123
TEST.336,TEST.336,TEST336,30 Jun 2026,TEST.336,Int,TEST.336,MMbl@123456,TEST336,MMbl@123456,MMbl@123456,MMbl@123,MMbl@123
TEST.337,TEST.337,TEST337,30 Jun 2026,TEST.337,Int,TEST.337,MMbl@123456,TEST337,MMbl@123456,MMbl@123456,MMbl@123,MMbl@123
TEST.338,TEST.338,TEST338,30 Jun 2026,TEST.338,Int,TEST.338,MMbl@123456,TEST338,MMbl@123456,MMbl@123456,MMbl@123,MMbl@123
TEST.339,TEST.339,TEST339,30 Jun 2026,TEST.339,Int,TEST.339,MMbl@123456,TEST339,MMbl@123456,MMbl@123456,MMbl@123,MMbl@123
TEST.340,TEST.340,TEST340,30 Jun 2026,TEST.340,Int,TEST.340,MMbl@123456,TEST340,MMbl@123456,MMbl@123456,MMbl@123,MMbl@123
TEST.341,TEST.341,TEST341,30 Jun 2026,TEST.341,Int,TEST.341,MMbl@123456,TEST341,MMbl@123456,MMbl@123456,MMbl@123,MMbl@123
TEST.342,TEST.342,TEST342,30 Jun 2026,TEST.342,Int,TEST.342,MMbl@123456,TEST342,MMbl@123456,MMbl@123456,MMbl@123,MMbl@123
TEST.343,TEST.343,TEST343,30 Jun 2026,TEST.343,Int,TEST.343,MMbl@123456,TEST343,MMbl@123456,MMbl@123456,MMbl@123,MMbl@123
TEST.344,TEST.344,TEST344,30 Jun 2026,TEST.344,Int,TEST.344,MMbl@123456,TEST344,MMbl@123456,MMbl@123456,MMbl@123,MMbl@123
TEST.345,TEST.345,TEST345,30 Jun 2026,TEST.345,Int,TEST.345,MMbl@123456,TEST345,MMbl@123456,MMbl@123456,MMbl@123,MMbl@123
TEST.346,TEST.346,TEST346,30 Jun 2026,TEST.346,Int,TEST.346,MMbl@123456,TEST346,MMbl@123456,MMbl@123456,MMbl@123,MMbl@123
TEST.347,TEST.347,TEST347,30 Jun 2026,TEST.347,Int,TEST.347,MMbl@123456,TEST347,MMbl@123456,MMbl@123456,MMbl@123,MMbl@123
TEST.348,TEST.348,TEST348,30 Jun 2026,TEST.348,Int,TEST.348,MMbl@123456,TEST348,MMbl@123456,MMbl@123456,MMbl@123,MMbl@123
TEST.349,TEST.349,TEST349,30 Jun 2026,TEST.349,Int,TEST.349,MMbl@123456,TEST349,MMbl@123456,MMbl@123456,MMbl@123,MMbl@123
TEST.350,TEST.350,TEST350,30 Jun 2026,TEST.350,Int,TEST.350,MMbl@123456,TEST350,MMbl@123456,MMbl@123456,MMbl@123,MMbl@123
TEST.351,TEST.351,TEST351,30 Jun 2026,TEST.351,Int,TEST.351,MMbl@123456,TEST351,MMbl@123456,MMbl@123456,MMbl@123,MMbl@123
TEST.352,TEST.352,TEST352,30 Jun 2026,TEST.352,Int,TEST.352,MMbl@123456,TEST352,MMbl@123456,MMbl@123456,MMbl@123,MMbl@123
TEST.353,TEST.353,TEST353,30 Jun 2026,TEST.353,Int,TEST.353,MMbl@123456,TEST353,MMbl@123456,MMbl@123456,MMbl@123,MMbl@123
TEST.354,TEST.354,TEST354,30 Jun 2026,TEST.354,Int,TEST.354,MMbl@123456,TEST354,MMbl@123456,MMbl@123456,MMbl@123,MMbl@123
TEST.355,TEST.355,TEST355,30 Jun 2026,TEST.355,Int,TEST.355,MMbl@123456,TEST355,MMbl@123456,MMbl@123456,MMbl@123,MMbl@123
TEST.356,TEST.356,TEST356,30 Jun 2026,TEST.356,Int,TEST.356,MMbl@123456,TEST356,MMbl@123456,MMbl@123456,MMbl@123,MMbl@123
TEST.357,TEST.357,TEST357,30 Jun 2026,TEST.357,Int,TEST.357,MMbl@123456,TEST357,MMbl@123456,MMbl@123456,MMbl@123,MMbl@123
TEST.358,TEST.358,TEST358,30 Jun 2026,TEST.358,Int,TEST.358,MMbl@123456,TEST358,MMbl@123456,MMbl@123456,MMbl@123,MMbl@123
TEST.359,TEST.359,TEST359,30 Jun 2026,TEST.359,Int,TEST.359,MMbl@123456,TEST359,MMbl@123456,MMbl@123456,MMbl@123,MMbl@123
TEST.360,TEST.360,TEST360,30 Jun 2026,TEST.360,Int,TEST.360,MMbl@123456,TEST360,MMbl@123456,MMbl@123456,MMbl@123,MMbl@123
TEST.361,TEST.361,TEST361,30 Jun 2026,TEST.361,Int,TEST.361,MMbl@123456,TEST361,MMbl@123456,MMbl@123456,MMbl@123,MMbl@123
TEST.362,TEST.362,TEST362,30 Jun 2026,TEST.362,Int,TEST.362,MMbl@123456,TEST362,MMbl@123456,MMbl@123456,MMbl@123,MMbl@123
TEST.363,TEST.363,TEST363,30 Jun 2026,TEST.363,Int,TEST.363,MMbl@123456,TEST363,MMbl@123456,MMbl@123456,MMbl@123,MMbl@123
TEST.364,TEST.364,TEST364,30 Jun 2026,TEST.364,Int,TEST.364,MMbl@123456,TEST364,MMbl@123456,MMbl@123456,MMbl@123,MMbl@123
TEST.365,TEST.365,TEST365,30 Jun 2026,TEST.365,Int,TEST.365,MMbl@123456,TEST365,MMbl@123456,MMbl@123456,MMbl@123,MMbl@123
TEST.366,TEST.366,TEST366,30 Jun 2026,TEST.366,Int,TEST.366,MMbl@123456,TEST366,MMbl@123456,MMbl@123456,MMbl@123,MMbl@123
TEST.367,TEST.367,TEST367,30 Jun 2026,TEST.367,Int,TEST.367,MMbl@123456,TEST367,MMbl@123456,MMbl@123456,MMbl@123,MMbl@123
TEST.368,TEST.368,TEST368,30 Jun 2026,TEST.368,Int,TEST.368,MMbl@123456,TEST368,MMbl@123456,MMbl@123456,MMbl@123,MMbl@123
TEST.369,TEST.369,TEST369,30 Jun 2026,TEST.369,Int,TEST.369,MMbl@123456,TEST369,MMbl@123456,MMbl@123456,MMbl@123,MMbl@123
TEST.370,TEST.370,TEST370,30 Jun 2026,TEST.370,Int,TEST.370,MMbl@123456,TEST370,MMbl@123456,MMbl@123456,MMbl@123,MMbl@123
TEST.371,TEST.371,TEST371,30 Jun 2026,TEST.371,Int,TEST.371,MMbl@123456,TEST371,MMbl@123456,MMbl@123456,MMbl@123,MMbl@123
TEST.372,TEST.372,TEST372,30 Jun 2026,TEST.372,Int,TEST.372,MMbl@123456,TEST372,MMbl@123456,MMbl@123456,MMbl@123,MMbl@123
TEST.373,TEST.373,TEST373,30 Jun 2026,TEST.373,Int,TEST.373,MMbl@123456,TEST373,MMbl@123456,MMbl@123456,MMbl@123,MMbl@123
TEST.374,TEST.374,TEST374,30 Jun 2026,TEST.374,Int,TEST.374,MMbl@123456,TEST374,MMbl@123456,MMbl@123456,MMbl@123,MMbl@123
TEST.375,TEST.375,TEST375,30 Jun 2026,TEST.375,Int,TEST.375,MMbl@123456,TEST375,MMbl@123456,MMbl@123456,MMbl@123,MMbl@123
TEST.376,TEST.376,TEST376,30 Jun 2026,TEST.376,Int,TEST.376,MMbl@123456,TEST376,MMbl@123456,MMbl@123456,MMbl@123,MMbl@123
TEST.377,TEST.377,TEST377,30 Jun 2026,TEST.377,Int,TEST.377,MMbl@123456,TEST377,MMbl@123456,MMbl@123456,MMbl@123,MMbl@123
TEST.378,TEST.378,TEST378,30 Jun 2026,TEST.378,Int,TEST.378,MMbl@123456,TEST378,MMbl@123456,MMbl@123456,MMbl@123,MMbl@123
TEST.379,TEST.379,TEST379,30 Jun 2026,TEST.379,Int,TEST.379,MMbl@123456,TEST379,MMbl@123456,MMbl@123456,MMbl@123,MMbl@123
TEST.380,TEST.380,TEST380,30 Jun 2026,TEST.380,Int,TEST.380,MMbl@123456,TEST380,MMbl@123456,MMbl@123456,MMbl@123,MMbl@123
TEST.381,TEST.381,TEST381,30 Jun 2026,TEST.381,Int,TEST.381,MMbl@123456,TEST381,MMbl@123456,MMbl@123456,MMbl@123,MMbl@123
TEST.382,TEST.382,TEST382,30 Jun 2026,TEST.382,Int,TEST.382,MMbl@123456,TEST382,MMbl@123456,MMbl@123456,MMbl@123,MMbl@123
TEST.383,TEST.383,TEST383,30 Jun 2026,TEST.383,Int,TEST.383,MMbl@123456,TEST383,MMbl@123456,MMbl@123456,MMbl@123,MMbl@123
TEST.384,TEST.384,TEST384,30 Jun 2026,TEST.384,Int,TEST.384,MMbl@123456,TEST384,MMbl@123456,MMbl@123456,MMbl@123,MMbl@123
TEST.385,TEST.385,TEST385,30 Jun 2026,TEST.385,Int,TEST.385,MMbl@123456,TEST385,MMbl@123456,MMbl@123456,MMbl@123,MMbl@123
TEST.386,TEST.386,TEST386,30 Jun 2026,TEST.386,Int,TEST.386,MMbl@123456,TEST386,MMbl@123456,MMbl@123456,MMbl@123,MMbl@123
TEST.387,TEST.387,TEST387,30 Jun 2026,TEST.387,Int,TEST.387,MMbl@123456,TEST387,MMbl@123456,MMbl@123456,MMbl@123,MMbl@123
TEST.388,TEST.388,TEST388,30 Jun 2026,TEST.388,Int,TEST.388,MMbl@123456,TEST388,MMbl@123456,MMbl@123456,MMbl@123,MMbl@123
TEST.389,TEST.389,TEST389,30 Jun 2026,TEST.389,Int,TEST.389,MMbl@123456,TEST389,MMbl@123456,MMbl@123456,MMbl@123,MMbl@123
TEST.390,TEST.390,TEST390,30 Jun 2026,TEST.390,Int,TEST.390,MMbl@123456,TEST390,MMbl@123456,MMbl@123456,MMbl@123,MMbl@123
TEST.391,TEST.391,TEST391,30 Jun 2026,TEST.391,Int,TEST.391,MMbl@123456,TEST391,MMbl@123456,MMbl@123456,MMbl@123,MMbl@123
TEST.392,TEST.392,TEST392,30 Jun 2026,TEST.392,Int,TEST.392,MMbl@123456,TEST392,MMbl@123456,MMbl@123456,MMbl@123,MMbl@123
TEST.393,TEST.393,TEST393,30 Jun 2026,TEST.393,Int,TEST.393,MMbl@123456,TEST393,MMbl@123456,MMbl@123456,MMbl@123,MMbl@123
TEST.394,TEST.394,TEST394,30 Jun 2026,TEST.394,Int,TEST.394,MMbl@123456,TEST394,MMbl@123456,MMbl@123456,MMbl@123,MMbl@123
TEST.395,TEST.395,TEST395,30 Jun 2026,TEST.395,Int,TEST.395,MMbl@123456,TEST395,MMbl@123456,MMbl@123456,MMbl@123,MMbl@123
TEST.396,TEST.396,TEST396,30 Jun 2026,TEST.396,Int,TEST.396,MMbl@123456,TEST396,MMbl@123456,MMbl@123456,MMbl@123,MMbl@123
TEST.397,TEST.397,TEST397,30 Jun 2026,TEST.397,Int,TEST.397,MMbl@123456,TEST397,MMbl@123456,MMbl@123456,MMbl@123,MMbl@123
TEST.398,TEST.398,TEST398,30 Jun 2026,TEST.398,Int,TEST.398,MMbl@123456,TEST398,MMbl@123456,MMbl@123456,MMbl@123,MMbl@123
TEST.399,TEST.399,TEST399,30 Jun 2026,TEST.399,Int,TEST.399,MMbl@123456,TEST399,MMbl@123456,MMbl@123456,MMbl@123,MMbl@123
TEST.400,TEST.400,TEST400,30 Jun 2026,TEST.400,Int,TEST.400,MMbl@123456,TEST400,MMbl@123456,MMbl@123456,MMbl@123,MMbl@123
TEST.401,TEST.401,TEST401,30 Jun 2026,TEST.401,Int,TEST.401,MMbl@123456,TEST401,MMbl@123456,MMbl@123456,MMbl@123,MMbl@123
TEST.402,TEST.402,TEST402,30 Jun 2026,TEST.402,Int,TEST.402,MMbl@123456,TEST402,MMbl@123456,MMbl@123456,MMbl@123,MMbl@123
TEST.403,TEST.403,TEST403,30 Jun 2026,TEST.403,Int,TEST.403,MMbl@123456,TEST403,MMbl@123456,MMbl@123456,MMbl@123,MMbl@123
TEST.404,TEST.404,TEST404,30 Jun 2026,TEST.404,Int,TEST.404,MMbl@123456,TEST404,MMbl@123456,MMbl@123456,MMbl@123,MMbl@123
TEST.405,TEST.405,TEST405,30 Jun 2026,TEST.405,Int,TEST.405,MMbl@123456,TEST405,MMbl@123456,MMbl@123456,MMbl@123,MMbl@123
TEST.406,TEST.406,TEST406,30 Jun 2026,TEST.406,Int,TEST.406,MMbl@123456,TEST406,MMbl@123456,MMbl@123456,MMbl@123,MMbl@123
TEST.407,TEST.407,TEST407,30 Jun 2026,TEST.407,Int,TEST.407,MMbl@123456,TEST407,MMbl@123456,MMbl@123456,MMbl@123,MMbl@123
TEST.408,TEST.408,TEST408,30 Jun 2026,TEST.408,Int,TEST.408,MMbl@123456,TEST408,MMbl@123456,MMbl@123456,MMbl@123,MMbl@123
TEST.409,TEST.409,TEST409,30 Jun 2026,TEST.409,Int,TEST.409,MMbl@123456,TEST409,MMbl@123456,MMbl@123456,MMbl@123,MMbl@123
TEST.410,TEST.410,TEST410,30 Jun 2026,TEST.410,Int,TEST.410,MMbl@123456,TEST410,MMbl@123456,MMbl@123456,MMbl@123,MMbl@123
TEST.411,TEST.411,TEST411,30 Jun 2026,TEST.411,Int,TEST.411,MMbl@123456,TEST411,MMbl@123456,MMbl@123456,MMbl@123,MMbl@123
TEST.412,TEST.412,TEST412,30 Jun 2026,TEST.412,Int,TEST.412,MMbl@123456,TEST412,MMbl@123456,MMbl@123456,MMbl@123,MMbl@123
TEST.413,TEST.413,TEST413,30 Jun 2026,TEST.413,Int,TEST.413,MMbl@123456,TEST413,MMbl@123456,MMbl@123456,MMbl@123,MMbl@123
TEST.414,TEST.414,TEST414,30 Jun 2026,TEST.414,Int,TEST.414,MMbl@123456,TEST414,MMbl@123456,MMbl@123456,MMbl@123,MMbl@123
TEST.415,TEST.415,TEST415,30 Jun 2026,TEST.415,Int,TEST.415,MMbl@123456,TEST415,MMbl@123456,MMbl@123456,MMbl@123,MMbl@123
TEST.416,TEST.416,TEST416,30 Jun 2026,TEST.416,Int,TEST.416,MMbl@123456,TEST416,MMbl@123456,MMbl@123456,MMbl@123,MMbl@123
TEST.417,TEST.417,TEST417,30 Jun 2026,TEST.417,Int,TEST.417,MMbl@123456,TEST417,MMbl@123456,MMbl@123456,MMbl@123,MMbl@123
TEST.418,TEST.418,TEST418,30 Jun 2026,TEST.418,Int,TEST.418,MMbl@123456,TEST418,MMbl@123456,MMbl@123456,MMbl@123,MMbl@123
TEST.419,TEST.419,TEST419,30 Jun 2026,TEST.419,Int,TEST.419,MMbl@123456,TEST419,MMbl@123456,MMbl@123456,MMbl@123,MMbl@123
TEST.420,TEST.420,TEST420,30 Jun 2026,TEST.420,Int,TEST.420,MMbl@123456,TEST420,MMbl@123456,MMbl@123456,MMbl@123,MMbl@123
TEST.421,TEST.421,TEST421,30 Jun 2026,TEST.421,Int,TEST.421,MMbl@123456,TEST421,MMbl@123456,MMbl@123456,MMbl@123,MMbl@123
TEST.422,TEST.422,TEST422,30 Jun 2026,TEST.422,Int,TEST.422,MMbl@123456,TEST422,MMbl@123456,MMbl@123456,MMbl@123,MMbl@123
TEST.423,TEST.423,TEST423,30 Jun 2026,TEST.423,Int,TEST.423,MMbl@123456,TEST423,MMbl@123456,MMbl@123456,MMbl@123,MMbl@123
TEST.424,TEST.424,TEST424,30 Jun2026,TEST.424,Int,TEST.424,MMbl@123456,TEST424,MMbl@123456,MMbl@123456,MMbl@123,MMbl@123
TEST.425,TEST.425,TEST425,30 Jun 2026,TEST.425,Int,TEST.425,MMbl@123456,TEST425,MMbl@123456,MMbl@123456,MMbl@123,MMbl@123
TEST.426,TEST.426,TEST426,30 Jun 2026,TEST.426,Int,TEST.426,MMbl@123456,TEST426,MMbl@123456,MMbl@123456,MMbl@123,MMbl@123
TEST.427,TEST.427,TEST427,30 Jun 2026,TEST.427,Int,TEST.427,MMbl@123456,TEST427,MMbl@123456,MMbl@123456,MMbl@123,MMbl@123
TEST.428,TEST.428,TEST428,30 Jun 2026,TEST.428,Int,TEST.428,MMbl@123456,TEST428,MMbl@123456,MMbl@123456,MMbl@123,MMbl@123
TEST.429,TEST.429,TEST429,30 Jun 2026,TEST.429,Int,TEST.429,MMbl@123456,TEST429,MMbl@123456,MMbl@123456,MMbl@123,MMbl@123
TEST.430,TEST.430,TEST430,30 Jun 2026,TEST.430,Int,TEST.430,MMbl@123456,TEST430,MMbl@123456,MMbl@123456,MMbl@123,MMbl@123
TEST.431,TEST.431,TEST431,30 Jun 2026,TEST.431,Int,TEST.431,MMbl@123456,TEST431,MMbl@123456,MMbl@123456,MMbl@123,MMbl@123
TEST.432,TEST.432,TEST432,30 Jun 2026,TEST.432,Int,TEST.432,MMbl@123456,TEST432,MMbl@123456,MMbl@123456,MMbl@123,MMbl@123
TEST.433,TEST.433,TEST433,30 Jun 2026,TEST.433,Int,TEST.433,MMbl@123456,TEST433,MMbl@123456,MMbl@123456,MMbl@123,MMbl@123
TEST.434,TEST.434,TEST434,30 Jun 2026,TEST.434,Int,TEST.434,MMbl@123456,TEST434,MMbl@123456,MMbl@123456,MMbl@123,MMbl@123
TEST.435,TEST.435,TEST435,30 Jun 2026,TEST.435,Int,TEST.435,MMbl@123456,TEST435,MMbl@123456,MMbl@123456,MMbl@123,MMbl@123
TEST.436,TEST.436,TEST436,30 Jun 2026,TEST.436,Int,TEST.436,MMbl@123456,TEST436,MMbl@123456,MMbl@123456,MMbl@123,MMbl@123
TEST.437,TEST.437,TEST437,30 Jun 2026,TEST.437,Int,TEST.437,MMbl@123456,TEST437,MMbl@123456,MMbl@123456,MMbl@123,MMbl@123
TEST.438,TEST.438,TEST438,30 Jun 2026,TEST.438,Int,TEST.438,MMbl@123456,TEST438,MMbl@123456,MMbl@123456,MMbl@123,MMbl@123
TEST.439,TEST.439,TEST439,30 Jun 2026,TEST.439,Int,TEST.439,MMbl@123456,TEST439,MMbl@123456,MMbl@123456,MMbl@123,MMbl@123
TEST.440,TEST.440,TEST440,30 Jun 2026,TEST.440,Int,TEST.440,MMbl@123456,TEST440,MMbl@123456,MMbl@123456,MMbl@123,MMbl@123
TEST.441,TEST.441,TEST441,30 Jun 2026,TEST.441,Int,TEST.441,MMbl@123456,TEST441,MMbl@123456,MMbl@123456,MMbl@123,MMbl@123
TEST.442,TEST.442,TEST442,30 Jun 2026,TEST.442,Int,TEST.442,MMbl@123456,TEST442,MMbl@123456,MMbl@123456,MMbl@123,MMbl@123
TEST.443,TEST.443,TEST443,30 Jun 2026,TEST.443,Int,TEST.443,MMbl@123456,TEST443,MMbl@123456,MMbl@123456,MMbl@123,MMbl@123
TEST.444,TEST.444,TEST444,30 Jun 2026,TEST.444,Int,TEST.444,MMbl@123456,TEST444,MMbl@123456,MMbl@123456,MMbl@123,MMbl@123
TEST.445,TEST.445,TEST445,30 Jun 2026,TEST.445,Int,TEST.445,MMbl@123456,TEST445,MMbl@123456,MMbl@123456,MMbl@123,MMbl@123
TEST.446,TEST.446,TEST446,30 Jun 2026,TEST.446,Int,TEST.446,MMbl@123456,TEST446,MMbl@123456,MMbl@123456,MMbl@123,MMbl@123
TEST.447,TEST.447,TEST447,30 Jun 2026,TEST.447,Int,TEST.447,MMbl@123456,TEST447,MMbl@123456,MMbl@123456,MMbl@123,MMbl@123
TEST.448,TEST.448,TEST448,30 Jun 2026,TEST.448,Int,TEST.448,MMbl@123456,TEST448,MMbl@123456,MMbl@123456,MMbl@123,MMbl@123
TEST.449,TEST.449,TEST449,30 Jun 2026,TEST.449,Int,TEST.449,MMbl@123456,TEST449,MMbl@123456,MMbl@123456,MMbl@123,MMbl@123
TEST.450,TEST.450,TEST450,30 Jun 2026,TEST.450,Int,TEST.450,MMbl@123456,TEST450,MMbl@123456,MMbl@123456,MMbl@123,MMbl@123
TEST.451,TEST.451,TEST451,30 Jun 2026,TEST.451,Int,TEST.451,MMbl@123456,TEST451,MMbl@123456,MMbl@123456,MMbl@123,MMbl@123
TEST.452,TEST.452,TEST452,30 Jun 2026,TEST.452,Int,TEST.452,MMbl@123456,TEST452,MMbl@123456,MMbl@123456,MMbl@123,MMbl@123
TEST.453,TEST.453,TEST453,30 Jun 2026,TEST.453,Int,TEST.453,MMbl@123456,TEST453,MMbl@123456,MMbl@123456,MMbl@123,MMbl@123
TEST.454,TEST.454,TEST454,30 Jun 2026,TEST.454,Int,TEST.454,MMbl@123456,TEST454,MMbl@123456,MMbl@123456,MMbl@123,MMbl@123
TEST.455,TEST.455,TEST455,30 Jun 2026,TEST.455,Int,TEST.455,MMbl@123456,TEST455,MMbl@123456,MMbl@123456,MMbl@123,MMbl@123
TEST.456,TEST.456,TEST456,30 Jun 2026,TEST.456,Int,TEST.456,MMbl@123456,TEST456,MMbl@123456,MMbl@123456,MMbl@123,MMbl@123
TEST.457,TEST.457,TEST457,30 Jun 2026,TEST.457,Int,TEST.457,MMbl@123456,TEST457,MMbl@123456,MMbl@123456,MMbl@123,MMbl@123
TEST.458,TEST.458,TEST458,30 Jun 2026,TEST.458,Int,TEST.458,MMbl@123456,TEST458,MMbl@123456,MMbl@123456,MMbl@123,MMbl@123
TEST.459,TEST.459,TEST459,30 Jun 2026,TEST.459,Int,TEST.459,MMbl@123456,TEST459,MMbl@123456,MMbl@123456,MMbl@123,MMbl@123
TEST.460,TEST.460,TEST460,30 Jun 2026,TEST.460,Int,TEST.460,MMbl@123456,TEST460,MMbl@123456,MMbl@123456,MMbl@123,MMbl@123
TEST.461,TEST.461,TEST461,30 Jun 2026,TEST.461,Int,TEST.461,MMbl@123456,TEST461,MMbl@123456,MMbl@123456,MMbl@123,MMbl@123
TEST.462,TEST.462,TEST462,30 Jun 2026,TEST.462,Int,TEST.462,MMbl@123456,TEST462,MMbl@123456,MMbl@123456,MMbl@123,MMbl@123
TEST.463,TEST.463,TEST463,30 Jun 2026,TEST.463,Int,TEST.463,MMbl@123456,TEST463,MMbl@123456,MMbl@123456,MMbl@123,MMbl@123
TEST.464,TEST.464,TEST464,30 Jun 2026,TEST.464,Int,TEST.464,MMbl@123456,TEST464,MMbl@123456,MMbl@123456,MMbl@123,MMbl@123
TEST.465,TEST.465,TEST465,30 Jun 2026,TEST.465,Int,TEST.465,MMbl@123456,TEST465,MMbl@123456,MMbl@123456,MMbl@123,MMbl@123
TEST.466,TEST.466,TEST466,30 Jun 2026,TEST.466,Int,TEST.466,MMbl@123456,TEST466,MMbl@123456,MMbl@123456,MMbl@123,MMbl@123
TEST.467,TEST.467,TEST467,30 Jun 2026,TEST.467,Int,TEST.467,MMbl@123456,TEST467,MMbl@123456,MMbl@123456,MMbl@123,MMbl@123
TEST.468,TEST.468,TEST468,30 Jun 2026,TEST.468,Int,TEST.468,MMbl@123456,TEST468,MMbl@123456,MMbl@123456,MMbl@123,MMbl@123
TEST.469,TEST.469,TEST469,30 Jun 2026,TEST.469,Int,TEST.469,MMbl@123456,TEST469,MMbl@123456,MMbl@123456,MMbl@123,MMbl@123
TEST.470,TEST.470,TEST470,30 Jun 2026,TEST.470,Int,TEST.470,MMbl@123456,TEST470,MMbl@123456,MMbl@123456,MMbl@123,MMbl@123
TEST.471,TEST.471,TEST471,30 Jun 2026,TEST.471,Int,TEST.471,MMbl@123456,TEST471,MMbl@123456,MMbl@123456,MMbl@123,MMbl@123
TEST.472,TEST.472,TEST472,30 Jun 2026,TEST.472,Int,TEST.472,MMbl@123456,TEST472,MMbl@123456,MMbl@123456,MMbl@123,MMbl@123
TEST.473,TEST.473,TEST473,30 Jun 2026,TEST.473,Int,TEST.473,MMbl@123456,TEST473,MMbl@123456,MMbl@123456,MMbl@123,MMbl@123
TEST.474,TEST.474,TEST474,30 Jun 2026,TEST.474,Int,TEST.474,MMbl@123456,TEST474,MMbl@123456,MMbl@123456,MMbl@123,MMbl@123
TEST.475,TEST.475,TEST475,30 Jun 2026,TEST.475,Int,TEST.475,MMbl@123456,TEST475,MMbl@123456,MMbl@123456,MMbl@123,MMbl@123
TEST.476,TEST.476,TEST476,30 Jun 2026,TEST.476,Int,TEST.476,MMbl@123456,TEST476,MMbl@123456,MMbl@123456,MMbl@123,MMbl@123
TEST.477,TEST.477,TEST477,30 Jun 2026,TEST.477,Int,TEST.477,MMbl@123456,TEST477,MMbl@123456,MMbl@123456,MMbl@123,MMbl@123
TEST.478,TEST.478,TEST478,30 Jun 2026,TEST.478,Int,TEST.478,MMbl@123456,TEST478,MMbl@123456,MMbl@123456,MMbl@123,MMbl@123
TEST.479,TEST.479,TEST479,30 Jun 2026,TEST.479,Int,TEST.479,MMbl@123456,TEST479,MMbl@123456,MMbl@123456,MMbl@123,MMbl@123
TEST.480,TEST.480,TEST480,30 Jun 2026,TEST.480,Int,TEST.480,MMbl@123456,TEST480,MMbl@123456,MMbl@123456,MMbl@123,MMbl@123
TEST.481,TEST.481,TEST481,30 Jun 2026,TEST.481,Int,TEST.481,MMbl@123456,TEST481,MMbl@123456,MMbl@123456,MMbl@123,MMbl@123
TEST.482,TEST.482,TEST482,30 Jun 2026,TEST.482,Int,TEST.482,MMbl@123456,TEST482,MMbl@123456,MMbl@123456,MMbl@123,MMbl@123
TEST.483,TEST.483,TEST483,30 Jun 2026,TEST.483,Int,TEST.483,MMbl@123456,TEST483,MMbl@123456,MMbl@123456,MMbl@123,MMbl@123
TEST.484,TEST.484,TEST484,30 Jun 2026,TEST.484,Int,TEST.484,MMbl@123456,TEST484,MMbl@123456,MMbl@123456,MMbl@123,MMbl@123
TEST.485,TEST.485,TEST485,30 Jun 2026,TEST.485,Int,TEST.485,MMbl@123456,TEST485,MMbl@123456,MMbl@123456,MMbl@123,MMbl@123
TEST.486,TEST.486,TEST486,30 Jun 2026,TEST.486,Int,TEST.486,MMbl@123456,TEST486,MMbl@123456,MMbl@123456,MMbl@123,MMbl@123
TEST.487,TEST.487,TEST487,30 Jun 2026,TEST.487,Int,TEST.487,MMbl@123456,TEST487,MMbl@123456,MMbl@123456,MMbl@123,MMbl@123
TEST.488,TEST.488,TEST488,30 Jun 2026,TEST.488,Int,TEST.488,MMbl@123456,TEST488,MMbl@123456,MMbl@123456,MMbl@123,MMbl@123
TEST.489,TEST.489,TEST489,30 Jun 2026,TEST.489,Int,TEST.489,MMbl@123456,TEST489,MMbl@123456,MMbl@123456,MMbl@123,MMbl@123
TEST.490,TEST.490,TEST490,30 Jun 2026,TEST.490,Int,TEST.490,MMbl@123456,TEST490,MMbl@123456,MMbl@123456,MMbl@123,MMbl@123
TEST.491,TEST.491,TEST491,30 Jun 2026,TEST.491,Int,TEST.491,MMbl@123456,TEST491,MMbl@123456,MMbl@123456,MMbl@123,MMbl@123
TEST.492,TEST.492,TEST492,30 Jun 2026,TEST.492,Int,TEST.492,MMbl@123456,TEST492,MMbl@123456,MMbl@123456,MMbl@123,MMbl@123
TEST.493,TEST.493,TEST493,30 Jun 2026,TEST.493,Int,TEST.493,MMbl@123456,TEST493,MMbl@123456,MMbl@123456,MMbl@123,MMbl@123
TEST.494,TEST.494,TEST494,30 Jun 2026,TEST.494,Int,TEST.494,MMbl@123456,TEST494,MMbl@123456,MMbl@123456,MMbl@123,MMbl@123
TEST.495,TEST.495,TEST495,30 Jun 2026,TEST.495,Int,TEST.495,MMbl@123456,TEST495,MMbl@123456,MMbl@123456,MMbl@123,MMbl@123
TEST.496,TEST.496,TEST496,30 Jun 2026,TEST.496,Int,TEST.496,MMbl@123456,TEST496,MMbl@123456,MMbl@123456,MMbl@123,MMbl@123
TEST.497,TEST.497,TEST497,30 Jun 2026,TEST.497,Int,TEST.497,MMbl@123456,TEST497,MMbl@123456,MMbl@123456,MMbl@123,MMbl@123
TEST.498,TEST.498,TEST498,30 Jun 2026,TEST.498,Int,TEST.498,MMbl@123456,TEST498,MMbl@123456,MMbl@123456,MMbl@123,MMbl@123
TEST.499,TEST.499,TEST499,30 Jun 2026,TEST.499,Int,TEST.499,MMbl@123456,TEST499,MMbl@123456,MMbl@123456,MMbl@123,MMbl@123
TEST.500,TEST.500,TEST500,30 Jun 2026,TEST.500,Int,TEST.500,MMbl@123456,TEST500,MMbl@123456,MMbl@123456,MMbl@123,MMbl@123
TEST.501,TEST.501,TEST501,30 Jun 2026,TEST.501,Int,TEST.501,MMbl@123456,TEST501,MMbl@123456,MMbl@123456,MMbl@123,MMbl@123
TEST.502,TEST.502,TEST502,30 Jun 2026,TEST.502,Int,TEST.502,MMbl@123456,TEST502,MMbl@123456,MMbl@123456,MMbl@123,MMbl@123
TEST.503,TEST.503,TEST503,30 Jun 2026,TEST.503,Int,TEST.503,MMbl@123456,TEST503,MMbl@123456,MMbl@123456,MMbl@123,MMbl@123
TEST.504,TEST.504,TEST504,30 Jun 2026,TEST.504,Int,TEST.504,MMbl@123456,TEST504,MMbl@123456,MMbl@123456,MMbl@123,MMbl@123
TEST.505,TEST.505,TEST505,30 Jun 2026,TEST.505,Int,TEST.505,MMbl@123456,TEST505,MMbl@123456,MMbl@123456,MMbl@123,MMbl@123
TEST.506,TEST.506,TEST506,30 Jun 2026,TEST.506,Int,TEST.506,MMbl@123456,TEST506,MMbl@123456,MMbl@123456,MMbl@123,MMbl@123
TEST.507,TEST.507,TEST507,30 Jun 2026,TEST.507,Int,TEST.507,MMbl@123456,TEST507,MMbl@123456,MMbl@123456,MMbl@123,MMbl@123
TEST.508,TEST.508,TEST508,30 Jun 2026,TEST.508,Int,TEST.508,MMbl@123456,TEST508,MMbl@123456,MMbl@123456,MMbl@123,MMbl@123
TEST.509,TEST.509,TEST509,30 Jun 2026,TEST.509,Int,TEST.509,MMbl@123456,TEST509,MMbl@123456,MMbl@123456,MMbl@123,MMbl@123
TEST.510,TEST.510,TEST510,30 Jun 2026,TEST.510,Int,TEST.510,MMbl@123456,TEST510,MMbl@123456,MMbl@123456,MMbl@123,MMbl@123
TEST.511,TEST.511,TEST511,30 Jun 2026,TEST.511,Int,TEST.511,MMbl@123456,TEST511,MMbl@123456,MMbl@123456,MMbl@123,MMbl@123
TEST.512,TEST.512,TEST512,30 Jun 2026,TEST.512,Int,TEST.512,MMbl@123456,TEST512,MMbl@123456,MMbl@123456,MMbl@123,MMbl@123
TEST.513,TEST.513,TEST513,30 Jun 2026,TEST.513,Int,TEST.513,MMbl@123456,TEST513,MMbl@123456,MMbl@123456,MMbl@123,MMbl@123
TEST.514,TEST.514,TEST514,30 Jun 2026,TEST.514,Int,TEST.514,MMbl@123456,TEST514,MMbl@123456,MMbl@123456,MMbl@123,MMbl@123
TEST.515,TEST.515,TEST515,30 Jun 2026,TEST.515,Int,TEST.515,MMbl@123456,TEST515,MMbl@123456,MMbl@123456,MMbl@123,MMbl@123
TEST.516,TEST.516,TEST516,30 Jun 2026,TEST.516,Int,TEST.516,MMbl@123456,TEST516,MMbl@123456,MMbl@123456,MMbl@123,MMbl@123
TEST.517,TEST.517,TEST517,30 Jun 2026,TEST.517,Int,TEST.517,MMbl@123456,TEST517,MMbl@123456,MMbl@123456,MMbl@123,MMbl@123
TEST.518,TEST.518,TEST518,30 Jun 2026,TEST.518,Int,TEST.518,MMbl@123456,TEST518,MMbl@123456,MMbl@123456,MMbl@123,MMbl@123
TEST.519,TEST.519,TEST519,30 Jun 2026,TEST.519,Int,TEST.519,MMbl@123456,TEST519,MMbl@123456,MMbl@123456,MMbl@123,MMbl@123
TEST.520,TEST.520,TEST520,30 Jun 2026,TEST.520,Int,TEST.520,MMbl@123456,TEST20,MMbl@123456,MMbl@123456,MMbl@123,MMbl@123
TEST.521,TEST.521,TEST521,30 Jun 2026,TEST.521,Int,TEST.521,MMbl@123456,TEST521,MMbl@123456,MMbl@123456,MMbl@123,MMbl@123
TEST.522,TEST.522,TEST522,30 Jun 2026,TEST.522,Int,TEST.522,MMbl@123456,TEST522,MMbl@123456,MMbl@123456,MMbl@123,MMbl@123
TEST.523,TEST.523,TEST523,30 Jun 2026,TEST.523,Int,TEST.523,MMbl@123456,TEST523,MMbl@123456,MMbl@123456,MMbl@123,MMbl@123
TEST.524,TEST.524,TEST524,30 Jun 2026,TEST.524,Int,TEST.524,MMbl@123456,TEST524,MMbl@123456,MMbl@123456,MMbl@123,MMbl@123
TEST.525,TEST.525,TEST525,30 Jun 2026,TEST.525,Int,TEST.525,MMbl@123456,TEST525,MMbl@123456,MMbl@123456,MMbl@123,MMbl@123
TEST.526,TEST.526,TEST526,30 Jun 2026,TEST.526,Int,TEST.526,MMbl@123456,TEST526,MMbl@123456,MMbl@123456,MMbl@123,MMbl@123
TEST.527,TEST.527,TEST527,30 Jun 2026,TEST.527,Int,TEST.527,MMbl@123456,TEST527,MMbl@123456,MMbl@123456,MMbl@123,MMbl@123
TEST.528,TEST.528,TEST528,30 Jun 2026,TEST.528,Int,TEST.528,MMbl@123456,TEST528,MMbl@123456,MMbl@123456,MMbl@123,MMbl@123
TEST.529,TEST.529,TEST529,30 Jun 2026,TEST.529,Int,TEST.529,MMbl@123456,TEST529,MMbl@123456,MMbl@123456,MMbl@123,MMbl@123
TEST.530,TEST.530,TEST530,30 Jun 2026,TEST.530,Int,TEST.530,MMbl@123456,TEST530,MMbl@123456,MMbl@123456,MMbl@123,MMbl@123
TEST.531,TEST.531,TEST531,30 Jun 2026,TEST.531,Int,TEST.531,MMbl@123456,TEST531,MMbl@123456,MMbl@123456,MMbl@123,MMbl@123
TEST.532,TEST.532,TEST532,30 Jun 2026,TEST.532,Int,TEST.532,MMbl@123456,TEST532,MMbl@123456,MMbl@123456,MMbl@123,MMbl@123
TEST.533,TEST.533,TEST533,30 Jun 2026,TEST.533,Int,TEST.533,MMbl@123456,TEST533,MMbl@123456,MMbl@123456,MMbl@123,MMbl@123
TEST.534,TEST.534,TEST534,30 Jun 2026,TEST.534,Int,TEST.534,MMbl@123456,TEST534,MMbl@123456,MMbl@123456,MMbl@123,MMbl@123
TEST.535,TEST.535,TEST535,30 Jun 2026,TEST.535,Int,TEST.535,MMbl@123456,TEST535,MMbl@123456,MMbl@123456,MMbl@123,MMbl@123
TEST.536,TEST.536,TEST536,30 Jun 2026,TEST.536,Int,TEST.536,MMbl@123456,TEST536,MMbl@123456,MMbl@123456,MMbl@123,MMbl@123
TEST.537,TEST.537,TEST537,30 Jun 2026,TEST.537,Int,TEST.537,MMbl@123456,TEST537,MMbl@123456,MMbl@123456,MMbl@123,MMbl@123
TEST.538,TEST.538,TEST538,30 Jun 2026,TEST.538,Int,TEST.538,MMbl@123456,TEST538,MMbl@123456,MMbl@123456,MMbl@123,MMbl@123
TEST.539,TEST.539,TEST539,30 Jun 2026,TEST.539,Int,TEST.539,MMbl@123456,TEST539,MMbl@123456,MMbl@123456,MMbl@123,MMbl@123
TEST.540,TEST.540,TEST540,30 Jun 2026,TEST.540,Int,TEST.540,MMbl@123456,TEST540,MMbl@123456,MMbl@123456,MMbl@123,MMbl@123
TEST.541,TEST.541,TEST541,30 Jun 2026,TEST.541,Int,TEST.541,MMbl@123456,TEST541,MMbl@123456,MMbl@123456,MMbl@123,MMbl@123
TEST.542,TEST.542,TEST542,30 Jun 2026,TEST.542,Int,TEST.542,MMbl@123456,TEST542,MMbl@123456,MMbl@123456,MMbl@123,MMbl@123
TEST.543,TEST.543,TEST543,30 Jun 2026,TEST.543,Int,TEST.543,MMbl@123456,TEST43,MMbl@123456,MMbl@123456,MMbl@123,MMbl@123
TEST.544,TEST.544,TEST544,30 Jun 2026,TEST.544,Int,TEST.544,MMbl@123456,TEST544,MMbl@123456,MMbl@123456,MMbl@123,MMbl@123
TEST.545,TEST.545,TEST545,30 Jun 2026,TEST.545,Int,TEST.545,MMbl@123456,TEST545,MMbl@123456,MMbl@123456,MMbl@123,MMbl@123
TEST.546,TEST.546,TEST546,30 Jun 2026,TEST.546,Int,TEST.546,MMbl@123456,TEST546,MMbl@123456,MMbl@123456,MMbl@123,MMbl@123
TEST.547,TEST.547,TEST547,30 Jun 2026,TEST.547,Int,TEST.547,MMbl@123456,TEST547,MMbl@123456,MMbl@123456,MMbl@123,MMbl@123
TEST.548,TEST.548,TEST548,30 Jun 2026,TEST.548,Int,TEST.548,MMbl@123456,TEST548,MMbl@123456,MMbl@123456,MMbl@123,MMbl@123
TEST.549,TEST.549,TEST549,30 Jun 2026,TEST.549,Int,TEST.549,MMbl@123456,TEST549,MMbl@123456,MMbl@123456,MMbl@123,MMbl@123
TEST.550,TEST.550,TEST550,30 Jun 2026,TEST.550,Int,TEST.550,MMbl@123456,TEST550,MMbl@123456,MMbl@123456,MMbl@123,MMbl@123
TEST.551,TEST.551,TEST551,30 Jun 2026,TEST.551,Int,TEST.551,MMbl@123456,TEST551,MMbl@123456,MMbl@123456,MMbl@123,MMbl@123
TEST.552,TEST.552,TEST552,30 Jun 2026,TEST.552,Int,TEST.552,MMbl@123456,TEST552,MMbl@123456,MMbl@123456,MMbl@123,MMbl@123
TEST.553,TEST.553,TEST553,30 Jun 2026,TEST.553,Int,TEST.553,MMbl@123456,TEST553,MMbl@123456,MMbl@123456,MMbl@123,MMbl@123
TEST.554,TEST.554,TEST554,30 Jun 2026,TEST.554,Int,TEST.554,MMbl@123456,TEST554,MMbl@123456,MMbl@123456,MMbl@123,MMbl@123
TEST.555,TEST.555,TEST555,30 Jun 2026,TEST.555,Int,TEST.555,MMbl@123456,TEST555,MMbl@123456,MMbl@123456,MMbl@123,MMbl@123
TEST.556,TEST.556,TEST556,30 Jun 2026,TEST.556,Int,TEST.556,MMbl@123456,TEST556,MMbl@123456,MMbl@123456,MMbl@123,MMbl@123
TEST.557,TEST.557,TEST557,30 Jun 2026,TEST.557,Int,TEST.557,MMbl@123456,TEST557,MMbl@123456,MMbl@123456,MMbl@123,MMbl@123
TEST.558,TEST.558,TEST558,30 Jun 2026,TEST.558,Int,TEST.558,MMbl@123456,TEST558,MMbl@123456,MMbl@123456,MMbl@123,MMbl@123
TEST.559,TEST.559,TEST559,30 Jun 2026,TEST.559,Int,TEST.559,MMbl@123456,TEST559,MMbl@123456,MMbl@123456,MMbl@123,MMbl@123
TEST.560,TEST.560,TEST560,30 Jun 2026,TEST.560,Int,TEST.560,MMbl@123456,TEST560,MMbl@123456,MMbl@123456,MMbl@123,MMbl@123
TEST.561,TEST.561,TEST561,30 Jun 2026,TEST.561,Int,TEST.561,MMbl@123456,TEST561,MMbl@123456,MMbl@123456,MMbl@123,MMbl@123
TEST.562,TEST.562,TEST562,30 Jun 2026,TEST.562,Int,TEST.562,MMbl@123456,TEST562,MMbl@123456,MMbl@123456,MMbl@123,MMbl@123
TEST.563,TEST.563,TEST563,30 Jun 2026,TEST.563,Int,TEST.563,MMbl@123456,TEST563,MMbl@123456,MMbl@123456,MMbl@123,MMbl@123
TEST.564,TEST.564,TEST564,30 Jun 2026,TEST.564,Int,TEST.564,MMbl@123456,TEST564,MMbl@123456,MMbl@123456,MMbl@123,MMbl@123
TEST.565,TEST.565,TEST565,30 Jun 2026,TEST.565,Int,TEST.565,MMbl@123456,TEST565,MMbl@123456,MMbl@123456,MMbl@123,MMbl@123
TEST.566,TEST.566,TEST566,30 Jun 2026,TEST.566,Int,TEST.566,MMbl@123456,TEST566,MMbl@123456,MMbl@123456,MMbl@123,MMbl@123
TEST.567,TEST.567,TEST567,30 Jun 2026,TEST.567,Int,TEST.567,MMbl@123456,TEST567,MMbl@123456,MMbl@123456,MMbl@123,MMbl@123
TEST.568,TEST.568,TEST568,30 Jun 2026,TEST.568,Int,TEST.568,MMbl@123456,TEST568,MMbl@123456,MMbl@123456,MMbl@123,MMbl@123
TEST.569,TEST.569,TEST569,30 Jun 2026,TEST.569,Int,TEST.569,MMbl@123456,TEST569,MMbl@123456,MMbl@123456,MMbl@123,MMbl@123
TEST.570,TEST.570,TEST570,30 Jun 2026,TEST.570,Int,TEST.570,MMbl@123456,TEST570,MMbl@123456,MMbl@123456,MMbl@123,MMbl@123
TEST.571,TEST.571,TEST571,30 Jun 2026,TEST.571,Int,TEST.571,MMbl@123456,TEST571,MMbl@123456,MMbl@123456,MMbl@123,MMbl@123
TEST.572,TEST.572,TEST572,30 Jun 2026,TEST.572,Int,TEST.572,MMbl@123456,TEST572,MMbl@123456,MMbl@123456,MMbl@123,MMbl@123
TEST.573,TEST.573,TEST573,30 Jun 2026,TEST.573,Int,TEST.573,MMbl@123456,TEST573,MMbl@123456,MMbl@123456,MMbl@123,MMbl@123
TEST.574,TEST.574,TEST574,30 Jun 2026,TEST.574,Int,TEST.574,MMbl@123456,TEST574,MMbl@123456,MMbl@123456,MMbl@123,MMbl@123
TEST.575,TEST.575,TEST575,30 Jun 2026,TEST.575,Int,TEST.575,MMbl@123456,TEST575,MMbl@123456,MMbl@123456,MMbl@123,MMbl@123
TEST.576,TEST.576,TEST576,30 Jun 2026,TEST.576,Int,TEST.576,MMbl@123456,TEST576,MMbl@123456,MMbl@123456,MMbl@123,MMbl@123
TEST.577,TEST.577,TEST577,30 Jun 2026,TEST.577,Int,TEST.577,MMbl@123456,TEST577,MMbl@123456,MMbl@123456,MMbl@123,MMbl@123
TEST.578,TEST.578,TEST578,30 Jun 2026,TEST.578,Int,TEST.578,MMbl@123456,TEST578,MMbl@123456,MMbl@123456,MMbl@123,MMbl@123
TEST.579,TEST.579,TEST579,30 Jun 2026,TEST.579,Int,TEST.579,MMbl@123456,TEST579,MMbl@123456,MMbl@123456,MMbl@123,MMbl@123
TEST.580,TEST.580,TEST580,30 Jun 2026,TEST.580,Int,TEST.580,MMbl@123456,TEST580,MMbl@123456,MMbl@123456,MMbl@123,MMbl@123
TEST.581,TEST.581,TEST581,30 Jun 2026,TEST.581,Int,TEST.581,MMbl@123456,TEST581,MMbl@123456,MMbl@123456,MMbl@123,MMbl@123
TEST.582,TEST.582,TEST582,30 Jun 2026,TEST.582,Int,TEST.582,MMbl@123456,TEST582,MMbl@123456,MMbl@123456,MMbl@123,MMbl@123
TEST.583,TEST.583,TEST583,30 Jun 2026,TEST.583,Int,TEST.583,MMbl@123456,TEST583,MMbl@123456,MMbl@123456,MMbl@123,MMbl@123
TEST.584,TEST.584,TEST584,30 Jun 2026,TEST.584,Int,TEST.584,MMbl@123456,TEST584,MMbl@123456,MMbl@123456,MMbl@123,MMbl@123
TEST.585,TEST.585,TEST585,30 Jun 2026,TEST.585,Int,TEST.585,MMbl@123456,TEST585,MMbl@123456,MMbl@123456,MMbl@123,MMbl@123
TEST.586,TEST.586,TEST586,30 Jun 2026,TEST.586,Int,TEST.586,MMbl@123456,TEST586,MMbl@123456,MMbl@123456,MMbl@123,MMbl@123
TEST.587,TEST.587,TEST587,30 Jun 2026,TEST.587,Int,TEST.587,MMbl@123456,TEST587,MMbl@123456,MMbl@123456,MMbl@123,MMbl@123
TEST.588,TEST.588,TEST588,30 Jun 2026,TEST.588,Int,TEST.588,MMbl@123456,TEST588,MMbl@123456,MMbl@123456,MMbl@123,MMbl@123
TEST.589,TEST.589,TEST589,30 Jun 2026,TEST.589,Int,TEST.589,MMbl@123456,TEST589,MMbl@123456,MMbl@123456,MMbl@123,MMbl@123
TEST.590,TEST.590,TEST590,30 Jun 2026,TEST.590,Int,TEST.590,MMbl@123456,TEST590,MMbl@123456,MMbl@123456,MMbl@123,MMbl@123
TEST.591,TEST.591,TEST591,30 Jun 2026,TEST.591,Int,TEST.591,MMbl@123456,TEST591,MMbl@123456,MMbl@123456,MMbl@123,MMbl@123
TEST.592,TEST.592,TEST592,30 Jun 2026,TEST.592,Int,TEST.592,MMbl@123456,TEST592,MMbl@123456,MMbl@123456,MMbl@123,MMbl@123
TEST.593,TEST.593,TEST593,30 Jun 2026,TEST.593,Int,TEST.593,MMbl@123456,TEST593,MMbl@123456,MMbl@123456,MMbl@123,MMbl@123
TEST.594,TEST.594,TEST594,30 Jun 2026,TEST.594,Int,TEST.594,MMbl@123456,TEST594,MMbl@123456,MMbl@123456,MMbl@123,MMbl@123
TEST.595,TEST.595,TEST595,30 Jun 2026,TEST.595,Int,TEST.595,MMbl@123456,TEST595,MMbl@123456,MMbl@123456,MMbl@123,MMbl@123
TEST.596,TEST.596,TEST596,30 Jun 2026,TEST.596,Int,TEST.596,MMbl@123456,TEST596,MMbl@123456,MMbl@123456,MMbl@123,MMbl@123
TEST.597,TEST.597,TEST597,30 Jun 2026,TEST.597,Int,TEST.597,MMbl@123456,TEST597,MMbl@123456,MMbl@123456,MMbl@123,MMbl@123
TEST.598,TEST.598,TEST598,30 Jun 2026,TEST.598,Int,TEST.598,MMbl@123456,TEST598,MMbl@123456,MMbl@123456,MMbl@123,MMbl@123
TEST.599,TEST.599,TEST599,30 Jun 2026,TEST.599,Int,TEST.599,MMbl@123456,TEST599,MMbl@123456,MMbl@123456,MMbl@123,MMbl@123
TEST.600,TEST.600,TEST600,30 Jun 2026,TEST.600,Int,TEST.600,MMbl@123456,TEST600,MMbl@123456,MMbl@123456,MMbl@123,MMbl@123
TEST.601,TEST.601,TEST601,30 Jun 2026,TEST.601,Int,TEST.601,MMbl@123456,TEST601,MMbl@123456,MMbl@123456,MMbl@123,MMbl@123
TEST.602,TEST.602,TEST602,30 Jun 2026,TEST.602,Int,TEST.602,MMbl@123456,TEST602,MMbl@123456,MMbl@123456,MMbl@123,MMbl@123
TEST.603,TEST.603,TEST603,30 Jun 2026,TEST.603,Int,TEST.603,MMbl@123456,TEST603,MMbl@123456,MMbl@123456,MMbl@123,MMbl@123
TEST.604,TEST.604,TEST604,30 Jun 2026,TEST.604,Int,TEST.604,MMbl@123456,TEST604,MMbl@123456,MMbl@123456,MMbl@123,MMbl@123
TEST.605,TEST.605,TEST605,30 Jun 2026,TEST.605,Int,TEST.605,MMbl@123456,TEST605,MMbl@123456,MMbl@123456,MMbl@123,MMbl@123
TEST.606,TEST.606,TEST606,30 Jun 2026,TEST.606,Int,TEST.606,MMbl@123456,TEST606,MMbl@123456,MMbl@123456,MMbl@123,MMbl@123
TEST.607,TEST.607,TEST607,30 Jun 2026,TEST.607,Int,TEST.607,MMbl@123456,TEST607,MMbl@123456,MMbl@123456,MMbl@123,MMbl@123
TEST.608,TEST.608,TEST608,30 Jun 2026,TEST.608,Int,TEST.608,MMbl@123456,TEST608,MMbl@123456,MMbl@123456,MMbl@123,MMbl@123
TEST.609,TEST.609,TEST609,30 Jun 2026,TEST.609,Int,TEST.609,MMbl@123456,TEST609,MMbl@123456,MMbl@123456,MMbl@123,MMbl@123
TEST.610,TEST.610,TEST610,30 Jun 2026,TEST.610,Int,TEST.610,MMbl@123456,TEST610,MMbl@123456,MMbl@123456,MMbl@123,MMbl@123
TEST.611,TEST.611,TEST611,30 Jun 2026,TEST.611,Int,TEST.611,MMbl@123456,TEST611,MMbl@123456,MMbl@123456,MMbl@123,MMbl@123
TEST.612,TEST.612,TEST612,30 Jun 2026,TEST.612,Int,TEST.612,MMbl@123456,TEST612,MMbl@123456,MMbl@123456,MMbl@123,MMbl@123
TEST.613,TEST.613,TEST613,30 Jun 2026,TEST.613,Int,TEST.613,MMbl@123456,TEST613,MMbl@123456,MMbl@123456,MMbl@123,MMbl@123
TEST.614,TEST.614,TEST614,30 Jun 2026,TEST.614,Int,TEST.614,MMbl@123456,TEST614,MMbl@123456,MMbl@123456,MMbl@123,MMbl@123
